[
    {
        "pk": 1, 
        "model": "catalogue.missiongroup", 
        "fields": {
            "name": "Unknown"
        }
    }, 
    {
        "pk": 1, 
        "model": "catalogue.mission", 
        "fields": {
            "abbreviation": "N14", 
            "owner": "NOAA", 
            "mission_group": 1, 
            "name": "National Oceanic and Atmospheric Administration Satellite 14", 
            "operator_abbreviation": "NOAA-14"
        }
    }, 
    {
        "pk": 2, 
        "model": "catalogue.mission", 
        "fields": {
            "abbreviation": "N16", 
            "owner": "NOAA", 
            "mission_group": 1, 
            "name": "National Oceanic and Atmospheric Administration Satellite 16", 
            "operator_abbreviation": "NOAA-16"
        }
    }, 
    {
        "pk": 3, 
        "model": "catalogue.mission", 
        "fields": {
            "abbreviation": "N11", 
            "owner": "NOAA", 
            "mission_group": 1, 
            "name": "National Oceanic and Atmospheric Administration Satellite 11", 
            "operator_abbreviation": "NOAA-11"
        }
    }, 
    {
        "pk": 4, 
        "model": "catalogue.mission", 
        "fields": {
            "abbreviation": "N9", 
            "owner": "NOAA", 
            "mission_group": 1, 
            "name": "National Oceanic and Atmospheric Administration Satellite 9", 
            "operator_abbreviation": "NOAA-9"
        }
    }, 
    {
        "pk": 5, 
        "model": "catalogue.mission", 
        "fields": {
            "abbreviation": "N17", 
            "owner": "NOAA", 
            "mission_group": 1, 
            "name": "National Oceanic and Atmospheric Administration Satellite 17", 
            "operator_abbreviation": "NOAA-17"
        }
    }, 
    {
        "pk": 6, 
        "model": "catalogue.mission", 
        "fields": {
            "abbreviation": "N12", 
            "owner": "NOAA", 
            "mission_group": 1, 
            "name": "National Oceanic and Atmospheric Administration Satellite 12", 
            "operator_abbreviation": "NOAA-12"
        }
    }, 
    {
        "pk": 7, 
        "model": "catalogue.mission", 
        "fields": {
            "abbreviation": "N15", 
            "owner": "NOAA", 
            "mission_group": 1, 
            "name": "National Oceanic and Atmospheric Administration Satellite 15", 
            "operator_abbreviation": "NOAA-15"
        }
    }, 
    {
        "pk": 8, 
        "model": "catalogue.mission", 
        "fields": {
            "abbreviation": "E2", 
            "owner": "ESA", 
            "mission_group": 1, 
            "name": "European Remote-Sensing Satellite-2", 
            "operator_abbreviation": "ERS-2"
        }
    }, 
    {
        "pk": 9, 
        "model": "catalogue.mission", 
        "fields": {
            "abbreviation": "E1", 
            "owner": "ESA", 
            "mission_group": 1, 
            "name": "European Remote-Sensing Satellite-1", 
            "operator_abbreviation": "ERS-1"
        }
    }, 
    {
        "pk": 10, 
        "model": "catalogue.mission", 
        "fields": {
            "abbreviation": "L5", 
            "owner": "NASA, USGS", 
            "mission_group": 1, 
            "name": "Landsat 5", 
            "operator_abbreviation": "LS-5"
        }
    }, 
    {
        "pk": 11, 
        "model": "catalogue.mission", 
        "fields": {
            "abbreviation": "L7", 
            "owner": "NASA, USGS", 
            "mission_group": 1, 
            "name": "Landsat 7", 
            "operator_abbreviation": "LS-7"
        }
    }, 
    {
        "pk": 12, 
        "model": "catalogue.mission", 
        "fields": {
            "abbreviation": "L2", 
            "owner": "NASA", 
            "mission_group": 1, 
            "name": "Landsat 2", 
            "operator_abbreviation": "LS-2"
        }
    }, 
    {
        "pk": 13, 
        "model": "catalogue.mission", 
        "fields": {
            "abbreviation": "L3", 
            "owner": "NASA", 
            "mission_group": 1, 
            "name": "Landsat 3", 
            "operator_abbreviation": "LS-3"
        }
    }, 
    {
        "pk": 14, 
        "model": "catalogue.mission", 
        "fields": {
            "abbreviation": "L4", 
            "owner": "NASA", 
            "mission_group": 1, 
            "name": "Landsat 4", 
            "operator_abbreviation": "LS-4"
        }
    }, 
    {
        "pk": 15, 
        "model": "catalogue.mission", 
        "fields": {
            "abbreviation": "S2", 
            "owner": "CNES", 
            "mission_group": 1, 
            "name": "Syst\u00e8me Pour l'Observation de la Terre 2", 
            "operator_abbreviation": "SPOT-2"
        }
    }, 
    {
        "pk": 16, 
        "model": "catalogue.mission", 
        "fields": {
            "abbreviation": "S4", 
            "owner": "CNES", 
            "mission_group": 1, 
            "name": "Syst\u00e8me Pour l'Observation de la Terre 4", 
            "operator_abbreviation": "SPOT-4"
        }
    }, 
    {
        "pk": 17, 
        "model": "catalogue.mission", 
        "fields": {
            "abbreviation": "S1", 
            "owner": "CNES", 
            "mission_group": 1, 
            "name": "Syst\u00e8me Pour l'Observation de la Terre 1", 
            "operator_abbreviation": "SPOT-1"
        }
    }, 
    {
        "pk": 18, 
        "model": "catalogue.mission", 
        "fields": {
            "abbreviation": "S5", 
            "owner": "CNES", 
            "mission_group": 1, 
            "name": "Syst\u00e8me Pour l'Observation de la Terre 5", 
            "operator_abbreviation": "SPOT-5"
        }
    }, 
    {
        "pk": 19, 
        "model": "catalogue.mission", 
        "fields": {
            "abbreviation": "ZA2", 
            "owner": "DST", 
            "mission_group": 1, 
            "name": "Sumbandilasat", 
            "operator_abbreviation": "ZASat-002"
        }
    }, 
    {
        "pk": 20, 
        "model": "catalogue.mission", 
        "fields": {
            "abbreviation": "C2B", 
            "owner": "CAST, INPE", 
            "mission_group": 1, 
            "name": "China-Brazil Earth Resources Satellite 2 B", 
            "operator_abbreviation": "CBERS-2-B"
        }
    }, 
    {
        "pk": 21, 
        "model": "catalogue.mission", 
        "fields": {
            "abbreviation": "S-C", 
            "owner": "CONAE", 
            "mission_group": 1, 
            "name": "Sat\u00e9lite de Aplicaciones Cient\u00edficas-C", 
            "operator_abbreviation": "SAC-C"
        }
    }, 
    {
        "pk": 22, 
        "model": "catalogue.mission", 
        "fields": {
            "abbreviation": "S3", 
            "owner": "CNES", 
            "mission_group": 1, 
            "name": "Syst\u00e8me Pour l'Observation de la Terre 3", 
            "operator_abbreviation": "SPOT-3"
        }
    }, 
    {
        "pk": 23, 
        "model": "catalogue.mission", 
        "fields": {
            "abbreviation": "L1", 
            "owner": "NASA", 
            "mission_group": 1, 
            "name": "Landsat 1", 
            "operator_abbreviation": "LS-1"
        }
    }, 
    {
        "pk": 24, 
        "model": "catalogue.mission", 
        "fields": {
            "abbreviation": "CB3", 
            "owner": "CAST, INPE", 
            "mission_group": 1, 
            "name": "China-Brazil Earth Resources Satellite 3", 
            "operator_abbreviation": "CBERS 3"
        }
    }, 
    {
        "pk": 25, 
        "model": "catalogue.mission", 
        "fields": {
            "abbreviation": "QB2", 
            "owner": "Digital Globe", 
            "mission_group": 1, 
            "name": "Quick Bird 2", 
            "operator_abbreviation": "QuickBird-2"
        }
    }, 
    {
        "pk": 26, 
        "model": "catalogue.mission", 
        "fields": {
            "abbreviation": "WV1", 
            "owner": "Digital Globe", 
            "mission_group": 1, 
            "name": "World View 1", 
            "operator_abbreviation": "WorldView-1"
        }
    }, 
    {
        "pk": 27, 
        "model": "catalogue.mission", 
        "fields": {
            "abbreviation": "WV2", 
            "owner": "Digital Globe", 
            "mission_group": 1, 
            "name": "World View 2", 
            "operator_abbreviation": "WorldView-2"
        }
    }, 
    {
        "pk": 28, 
        "model": "catalogue.mission", 
        "fields": {
            "abbreviation": "IK2", 
            "owner": "GeoEye (Formerly Space Imaging)", 
            "mission_group": 1, 
            "name": "Ikonos 2", 
            "operator_abbreviation": "Ikonos-2"
        }
    }, 
    {
        "pk": 29, 
        "model": "catalogue.mission", 
        "fields": {
            "abbreviation": "GE1", 
            "owner": "GeoEye (Formerly Space Imaging)", 
            "mission_group": 1, 
            "name": "Geo Eye 1 previously known as OrbView-5", 
            "operator_abbreviation": "GeoEye-1"
        }
    }, 
    {
        "pk": 30, 
        "model": "catalogue.mission", 
        "fields": {
            "abbreviation": "TSX", 
            "owner": "DLR", 
            "mission_group": 1, 
            "name": "TerraSAR-X 1", 
            "operator_abbreviation": "TSX-1"
        }
    }, 
    {
        "pk": 31, 
        "model": "catalogue.mission", 
        "fields": {
            "abbreviation": "TDX", 
            "owner": "DLR", 
            "mission_group": 1, 
            "name": "TerraSAR-X add-on for Digital Elevation Measurement", 
            "operator_abbreviation": "TanDEM-X"
        }
    }, 
    {
        "pk": 32, 
        "model": "catalogue.mission", 
        "fields": {
            "abbreviation": "RE1", 
            "owner": "Rapideye AG", 
            "mission_group": 1, 
            "name": "Tachys RapidEye 1", 
            "operator_abbreviation": "RapidEye-1"
        }
    }, 
    {
        "pk": 33, 
        "model": "catalogue.mission", 
        "fields": {
            "abbreviation": "RE2", 
            "owner": "Rapideye AG", 
            "mission_group": 1, 
            "name": "Mati RapidEye 2", 
            "operator_abbreviation": "RapidEye-2"
        }
    }, 
    {
        "pk": 34, 
        "model": "catalogue.mission", 
        "fields": {
            "abbreviation": "RE3", 
            "owner": "Rapideye AG", 
            "mission_group": 1, 
            "name": "Choma RapidEye 3", 
            "operator_abbreviation": "RapidEye-3"
        }
    }, 
    {
        "pk": 35, 
        "model": "catalogue.mission", 
        "fields": {
            "abbreviation": "RE4", 
            "owner": "Rapideye AG", 
            "mission_group": 1, 
            "name": "Choros RapidEye 4", 
            "operator_abbreviation": "RapidEye-4"
        }
    }, 
    {
        "pk": 36, 
        "model": "catalogue.mission", 
        "fields": {
            "abbreviation": "RE5", 
            "owner": "Rapideye AG", 
            "mission_group": 1, 
            "name": "Trochia RapidEye 5", 
            "operator_abbreviation": "RapidEye-5"
        }
    }, 
    {
        "pk": 37, 
        "model": "catalogue.mission", 
        "fields": {
            "abbreviation": "RS1", 
            "owner": "CSA", 
            "mission_group": 1, 
            "name": "RADARSAT 1", 
            "operator_abbreviation": "RADARSAT-1"
        }
    }, 
    {
        "pk": 38, 
        "model": "catalogue.mission", 
        "fields": {
            "abbreviation": "RS2", 
            "owner": "MDA", 
            "mission_group": 1, 
            "name": "RADARSAT 2", 
            "operator_abbreviation": "RADARSAT-2"
        }
    }, 
    {
        "pk": 39, 
        "model": "catalogue.mission", 
        "fields": {
            "abbreviation": "R-1", 
            "owner": "ISRO", 
            "mission_group": 1, 
            "name": "ResourceSat 1", 
            "operator_abbreviation": "IRS-P6"
        }
    }, 
    {
        "pk": 40, 
        "model": "catalogue.mission", 
        "fields": {
            "abbreviation": "R-2", 
            "owner": "ISRO", 
            "mission_group": 1, 
            "name": "ResourceSat 2", 
            "operator_abbreviation": "ResourceSat-2"
        }
    }, 
    {
        "pk": 41, 
        "model": "catalogue.mission", 
        "fields": {
            "abbreviation": "CS1", 
            "owner": "ISRO", 
            "mission_group": 1, 
            "name": "CartoSat 1", 
            "operator_abbreviation": "IRS-P5"
        }
    }, 
    {
        "pk": 42, 
        "model": "catalogue.mission", 
        "fields": {
            "abbreviation": "AL1", 
            "owner": "JAXA", 
            "mission_group": 1, 
            "name": "Advanced Land Observing Satellite / Daichi", 
            "operator_abbreviation": "ALOS-1"
        }
    }, 
    {
        "pk": 43, 
        "model": "catalogue.mission", 
        "fields": {
            "abbreviation": "AL2", 
            "owner": "JAXA", 
            "mission_group": 1, 
            "name": "Advanced Land Observing Satellite-2", 
            "operator_abbreviation": "ALOS-2"
        }
    }, 
    {
        "pk": 44, 
        "model": "catalogue.mission", 
        "fields": {
            "abbreviation": "AQA", 
            "owner": "NASA", 
            "mission_group": 1, 
            "name": "Aqua Mission (EOS/PM-1)", 
            "operator_abbreviation": "Aqua"
        }
    }, 
    {
        "pk": 45, 
        "model": "catalogue.mission", 
        "fields": {
            "abbreviation": "TER", 
            "owner": "NASA", 
            "mission_group": 1, 
            "name": "Terra Mission (EOS/AM-1)", 
            "operator_abbreviation": "Terra"
        }
    }, 
    {
        "pk": 46, 
        "model": "catalogue.mission", 
        "fields": {
            "abbreviation": "A-T", 
            "owner": "NASA", 
            "mission_group": 1, 
            "name": "Image product composites of both Terra and Aqua", 
            "operator_abbreviation": "Aqua-Terra"
        }
    }, 
    {
        "pk": 47, 
        "model": "catalogue.mission", 
        "fields": {
            "abbreviation": "E-A", 
            "owner": "ImageSat International N.V.", 
            "mission_group": 1, 
            "name": "Earth Remote Observation System-A", 
            "operator_abbreviation": "EROS-A"
        }
    }, 
    {
        "pk": 48, 
        "model": "catalogue.mission", 
        "fields": {
            "abbreviation": "OV2", 
            "owner": "ORBIMAGE", 
            "mission_group": 1, 
            "name": "OrbView-2 (SeaStar)", 
            "operator_abbreviation": "OrbView-2"
        }
    }, 
    {
        "pk": 1, 
        "model": "catalogue.missionsensor", 
        "fields": {
            "is_radar": false, 
            "name": "Advanced Very High Resolution Radiometer NOAA", 
            "description": "", 
            "mission": 1, 
            "abbreviation": "AVH", 
            "operator_abbreviation": "AVHRR-3", 
            "has_data": true
        }
    }, 
    {
        "pk": 2, 
        "model": "catalogue.missionsensor", 
        "fields": {
            "is_radar": false, 
            "name": "Active Microwave Instrument ERS-1", 
            "description": "", 
            "mission": 9, 
            "abbreviation": "AMI", 
            "operator_abbreviation": "AMI-1", 
            "has_data": true
        }
    }, 
    {
        "pk": 3, 
        "model": "catalogue.missionsensor", 
        "fields": {
            "is_radar": false, 
            "name": "Thematic Mapper Landsat 4", 
            "description": "", 
            "mission": 14, 
            "abbreviation": "TM", 
            "operator_abbreviation": "TM-4", 
            "has_data": true
        }
    }, 
    {
        "pk": 16, 
        "model": "catalogue.missionsensor", 
        "fields": {
            "is_radar": false, 
            "name": "Thematic Mapper Landsat 5", 
            "description": "", 
            "mission": 10, 
            "abbreviation": "TM", 
            "operator_abbreviation": "TM-5", 
            "has_data": false
        }
    }, 
    {
        "pk": 4, 
        "model": "catalogue.missionsensor", 
        "fields": {
            "is_radar": false, 
            "name": "Multi-Spectral-Scanner Landsat 1", 
            "description": "", 
            "mission": 23, 
            "abbreviation": "MSS", 
            "operator_abbreviation": "MSS-1", 
            "has_data": true
        }
    }, 
    {
        "pk": 17, 
        "model": "catalogue.missionsensor", 
        "fields": {
            "is_radar": false, 
            "name": "Multi-Spectral-Scanner Landsat 2", 
            "description": "", 
            "mission": 12, 
            "abbreviation": "MSS", 
            "operator_abbreviation": "MSS-2", 
            "has_data": false
        }
    }, 
    {
        "pk": 18, 
        "model": "catalogue.missionsensor", 
        "fields": {
            "is_radar": false, 
            "name": "Multi-Spectral-Scanner Landsat 3", 
            "description": "", 
            "mission": 13, 
            "abbreviation": "MSS", 
            "operator_abbreviation": "MSS-3", 
            "has_data": false
        }
    }, 
    {
        "pk": 19, 
        "model": "catalogue.missionsensor", 
        "fields": {
            "is_radar": false, 
            "name": "Multi-Spectral-Scanner Landsat 4", 
            "description": "", 
            "mission": 14, 
            "abbreviation": "MSS", 
            "operator_abbreviation": "MSS-4", 
            "has_data": false
        }
    }, 
    {
        "pk": 20, 
        "model": "catalogue.missionsensor", 
        "fields": {
            "is_radar": false, 
            "name": "Multi-Spectral-Scanner Landsat 5", 
            "description": "", 
            "mission": 10, 
            "abbreviation": "MSS", 
            "operator_abbreviation": "MSS-5", 
            "has_data": false
        }
    }, 
    {
        "pk": 5, 
        "model": "catalogue.missionsensor", 
        "fields": {
            "is_radar": false, 
            "name": "Enhanced Thematic Mapper Plus Landsat 7", 
            "description": "", 
            "mission": 11, 
            "abbreviation": "ETM", 
            "operator_abbreviation": "ETM+", 
            "has_data": true
        }
    }, 
    {
        "pk": 21, 
        "model": "catalogue.missionsensor", 
        "fields": {
            "is_radar": false, 
            "name": "Haute Resolution Visible Spot 1", 
            "description": "", 
            "mission": 17, 
            "abbreviation": "HRV", 
            "operator_abbreviation": "HRV-1", 
            "has_data": false
        }
    }, 
    {
        "pk": 22, 
        "model": "catalogue.missionsensor", 
        "fields": {
            "is_radar": false, 
            "name": "Haute Resolution Visible Spot 2", 
            "description": "", 
            "mission": 15, 
            "abbreviation": "HRV", 
            "operator_abbreviation": "HRV-2", 
            "has_data": false
        }
    }, 
    {
        "pk": 23, 
        "model": "catalogue.missionsensor", 
        "fields": {
            "is_radar": false, 
            "name": "Haute Resolution Visible Spot 3", 
            "description": "", 
            "mission": 22, 
            "abbreviation": "HRV", 
            "operator_abbreviation": "HRV-3", 
            "has_data": false
        }
    }, 
    {
        "pk": 24, 
        "model": "catalogue.missionsensor", 
        "fields": {
            "is_radar": false, 
            "name": "High-Resolution Visible and Infrared sensor Spot 4", 
            "description": "", 
            "mission": 16, 
            "abbreviation": "HIR", 
            "operator_abbreviation": "HRVIR-4", 
            "has_data": false
        }
    }, 
    {
        "pk": 25, 
        "model": "catalogue.missionsensor", 
        "fields": {
            "is_radar": false, 
            "name": "Vegetation Monitoring Instrument / Vegetation Spot 4", 
            "description": "", 
            "mission": 16, 
            "abbreviation": "VMI", 
            "operator_abbreviation": "Vegetation-4", 
            "has_data": false
        }
    }, 
    {
        "pk": 10, 
        "model": "catalogue.missionsensor", 
        "fields": {
            "is_radar": false, 
            "name": "High Resolution Geometric Spot 5", 
            "description": "Spot 5 HRG", 
            "mission": 18, 
            "abbreviation": "HRG", 
            "operator_abbreviation": "HRG-5", 
            "has_data": true
        }
    }, 
    {
        "pk": 26, 
        "model": "catalogue.missionsensor", 
        "fields": {
            "is_radar": false, 
            "name": "High Resolution Stereoscopic Spot 5", 
            "description": "", 
            "mission": 18, 
            "abbreviation": "HRS", 
            "operator_abbreviation": "HRS-5", 
            "has_data": false
        }
    }, 
    {
        "pk": 27, 
        "model": "catalogue.missionsensor", 
        "fields": {
            "is_radar": false, 
            "name": "Vegetation Monitoring Instrument / Vegetation Spot 5", 
            "description": "", 
            "mission": 18, 
            "abbreviation": "VMI", 
            "operator_abbreviation": "Vegetation-5", 
            "has_data": false
        }
    }, 
    {
        "pk": 28, 
        "model": "catalogue.missionsensor", 
        "fields": {
            "is_radar": false, 
            "name": "Active Microwave Instrument ERS-1", 
            "description": "", 
            "mission": 8, 
            "abbreviation": "AMI", 
            "operator_abbreviation": "AMI-2", 
            "has_data": false
        }
    }, 
    {
        "pk": 29, 
        "model": "catalogue.missionsensor", 
        "fields": {
            "is_radar": false, 
            "name": "Return Beam Vidicon Camera Landsat 1", 
            "description": "", 
            "mission": 23, 
            "abbreviation": "RBV", 
            "operator_abbreviation": "RBV-1", 
            "has_data": false
        }
    }, 
    {
        "pk": 30, 
        "model": "catalogue.missionsensor", 
        "fields": {
            "is_radar": false, 
            "name": "Return Beam Vidicon Camera Landsat 2", 
            "description": "", 
            "mission": 12, 
            "abbreviation": "RBV", 
            "operator_abbreviation": "RBV-2", 
            "has_data": false
        }
    }, 
    {
        "pk": 31, 
        "model": "catalogue.missionsensor", 
        "fields": {
            "is_radar": false, 
            "name": "Return Beam Vidicon Camera Landsat 3", 
            "description": "", 
            "mission": 13, 
            "abbreviation": "RBV", 
            "operator_abbreviation": "RBV-3", 
            "has_data": false
        }
    }, 
    {
        "pk": 14, 
        "model": "catalogue.missionsensor", 
        "fields": {
            "is_radar": false, 
            "name": "High Resolution CCD Camera CBERS2-B", 
            "description": "", 
            "mission": 20, 
            "abbreviation": "HRC", 
            "operator_abbreviation": "HRCC-2B", 
            "has_data": true
        }
    }, 
    {
        "pk": 32, 
        "model": "catalogue.missionsensor", 
        "fields": {
            "is_radar": false, 
            "name": "High Resolution Panchromatic Camera CBERS 2 B", 
            "description": "", 
            "mission": 20, 
            "abbreviation": "HRP", 
            "operator_abbreviation": "HRPC-2B", 
            "has_data": false
        }
    }, 
    {
        "pk": 33, 
        "model": "catalogue.missionsensor", 
        "fields": {
            "is_radar": false, 
            "name": "Wide-Field Imager CBERS 2 B", 
            "description": "", 
            "mission": 20, 
            "abbreviation": "WFI", 
            "operator_abbreviation": "WFI-2B", 
            "has_data": false
        }
    }, 
    {
        "pk": 34, 
        "model": "catalogue.missionsensor", 
        "fields": {
            "is_radar": false, 
            "name": "PAL ZA-002", 
            "description": "", 
            "mission": 19, 
            "abbreviation": "PAL", 
            "operator_abbreviation": "PAL-2", 
            "has_data": false
        }
    }, 
    {
        "pk": 13, 
        "model": "catalogue.missionsensor", 
        "fields": {
            "is_radar": false, 
            "name": "Multispectral Imager ZA-002", 
            "description": "", 
            "mission": 19, 
            "abbreviation": "MSI", 
            "operator_abbreviation": "MSI-2", 
            "has_data": true
        }
    }, 
    {
        "pk": 35, 
        "model": "catalogue.missionsensor", 
        "fields": {
            "is_radar": false, 
            "name": "MUX CBERS 3", 
            "description": "", 
            "mission": 24, 
            "abbreviation": "MUX", 
            "operator_abbreviation": "MUX-3", 
            "has_data": false
        }
    }, 
    {
        "pk": 36, 
        "model": "catalogue.missionsensor", 
        "fields": {
            "is_radar": false, 
            "name": "High Resolution CCD Camera CBERS 3", 
            "description": "", 
            "mission": 24, 
            "abbreviation": "HRC", 
            "operator_abbreviation": "HRCC-3", 
            "has_data": false
        }
    }, 
    {
        "pk": 37, 
        "model": "catalogue.missionsensor", 
        "fields": {
            "is_radar": false, 
            "name": "Infrared Multispectral Scanner CBERS 3", 
            "description": "", 
            "mission": 24, 
            "abbreviation": "IRM", 
            "operator_abbreviation": "IRMSS-3", 
            "has_data": false
        }
    }, 
    {
        "pk": 38, 
        "model": "catalogue.missionsensor", 
        "fields": {
            "is_radar": false, 
            "name": "Advanced Wide-Field Imager CBERS 3", 
            "description": "", 
            "mission": 24, 
            "abbreviation": "AWF", 
            "operator_abbreviation": "AWFI-3", 
            "has_data": false
        }
    }, 
    {
        "pk": 15, 
        "model": "catalogue.missionsensor", 
        "fields": {
            "is_radar": false, 
            "name": "Multispectral Medium Resolution Scanner SAC-C", 
            "description": "", 
            "mission": 21, 
            "abbreviation": "MMR", 
            "operator_abbreviation": "MMRS-C", 
            "has_data": true
        }
    }, 
    {
        "pk": 39, 
        "model": "catalogue.missionsensor", 
        "fields": {
            "is_radar": false, 
            "name": "High-Resolution Technological Camera SAC-C", 
            "description": "", 
            "mission": 21, 
            "abbreviation": "HRT", 
            "operator_abbreviation": "HRTC-C", 
            "has_data": false
        }
    }, 
    {
        "pk": 40, 
        "model": "catalogue.missionsensor", 
        "fields": {
            "is_radar": false, 
            "name": "WorldView-60 camera WorldView 1", 
            "description": "", 
            "mission": 26, 
            "abbreviation": "W60", 
            "operator_abbreviation": "WV60", 
            "has_data": false
        }
    }, 
    {
        "pk": 41, 
        "model": "catalogue.missionsensor", 
        "fields": {
            "is_radar": false, 
            "name": "WorldView-110 camera WorldView 2", 
            "description": "", 
            "mission": 27, 
            "abbreviation": "110", 
            "operator_abbreviation": "WV110", 
            "has_data": false
        }
    }, 
    {
        "pk": 42, 
        "model": "catalogue.missionsensor", 
        "fields": {
            "is_radar": false, 
            "name": "Ball Global Imaging System 2000 QuickBird-2", 
            "description": "", 
            "mission": 25, 
            "abbreviation": "BGI", 
            "operator_abbreviation": "BGIS-2000", 
            "has_data": false
        }
    }, 
    {
        "pk": 43, 
        "model": "catalogue.missionsensor", 
        "fields": {
            "is_radar": false, 
            "name": "Optical Sensor Assembly or recently offered under Kodak Model 1000 Camera System Ikonos-2", 
            "description": "", 
            "mission": 28, 
            "abbreviation": "OSA", 
            "operator_abbreviation": "OSA-2", 
            "has_data": false
        }
    }, 
    {
        "pk": 44, 
        "model": "catalogue.missionsensor", 
        "fields": {
            "is_radar": false, 
            "name": "GeoEye Imaging System GeoEye-1", 
            "description": "", 
            "mission": 29, 
            "abbreviation": "GIS", 
            "operator_abbreviation": "GIS-1", 
            "has_data": false
        }
    }, 
    {
        "pk": 47, 
        "model": "catalogue.missionsensor", 
        "fields": {
            "is_radar": false, 
            "name": "RapidEye Earth Imaging System RapidEye-1", 
            "description": "", 
            "mission": 32, 
            "abbreviation": "REI", 
            "operator_abbreviation": "REIS-1", 
            "has_data": false
        }
    }, 
    {
        "pk": 48, 
        "model": "catalogue.missionsensor", 
        "fields": {
            "is_radar": false, 
            "name": "RapidEye Earth Imaging System RapidEye-2", 
            "description": "", 
            "mission": 33, 
            "abbreviation": "REI", 
            "operator_abbreviation": "REIS-2", 
            "has_data": false
        }
    }, 
    {
        "pk": 49, 
        "model": "catalogue.missionsensor", 
        "fields": {
            "is_radar": false, 
            "name": "RapidEye Earth Imaging System RapidEye-3", 
            "description": "", 
            "mission": 34, 
            "abbreviation": "REI", 
            "operator_abbreviation": "REIS-3", 
            "has_data": false
        }
    }, 
    {
        "pk": 50, 
        "model": "catalogue.missionsensor", 
        "fields": {
            "is_radar": false, 
            "name": "RapidEye Earth Imaging System RapidEye-4", 
            "description": "", 
            "mission": 35, 
            "abbreviation": "REI", 
            "operator_abbreviation": "REIS-4", 
            "has_data": false
        }
    }, 
    {
        "pk": 51, 
        "model": "catalogue.missionsensor", 
        "fields": {
            "is_radar": false, 
            "name": "RapidEye Earth Imaging System RapidEye-5", 
            "description": "", 
            "mission": 36, 
            "abbreviation": "REI", 
            "operator_abbreviation": "REIS-5", 
            "has_data": false
        }
    }, 
    {
        "pk": 54, 
        "model": "catalogue.missionsensor", 
        "fields": {
            "is_radar": false, 
            "name": "Linear Imaging Self-Scanning Sensor-3 IRS-P6", 
            "description": "", 
            "mission": 39, 
            "abbreviation": "LI3", 
            "operator_abbreviation": "LISS-3-IRS-P-6", 
            "has_data": false
        }
    }, 
    {
        "pk": 55, 
        "model": "catalogue.missionsensor", 
        "fields": {
            "is_radar": false, 
            "name": "Linear Imaging Self-Scanning Sensor-4 IRS-P6", 
            "description": "", 
            "mission": 39, 
            "abbreviation": "LI4", 
            "operator_abbreviation": "LISS-4-IRS-P-6", 
            "has_data": false
        }
    }, 
    {
        "pk": 56, 
        "model": "catalogue.missionsensor", 
        "fields": {
            "is_radar": false, 
            "name": "AWiFS Advanced Wide Field Sensor IRS-P6", 
            "description": "", 
            "mission": 39, 
            "abbreviation": "AWF", 
            "operator_abbreviation": "AwiFS-IRS-P-6", 
            "has_data": false
        }
    }, 
    {
        "pk": 57, 
        "model": "catalogue.missionsensor", 
        "fields": {
            "is_radar": false, 
            "name": "Linear Imaging Self-Scanning Sensor-3 ResourceSat-2", 
            "description": "", 
            "mission": 40, 
            "abbreviation": "LI3", 
            "operator_abbreviation": "LISS-3-R-2", 
            "has_data": false
        }
    }, 
    {
        "pk": 58, 
        "model": "catalogue.missionsensor", 
        "fields": {
            "is_radar": false, 
            "name": "Linear Imaging Self-Scanning Sensor-4 ResourceSat-2", 
            "description": "", 
            "mission": 40, 
            "abbreviation": "LI4", 
            "operator_abbreviation": "LISS-4-R-2", 
            "has_data": false
        }
    }, 
    {
        "pk": 59, 
        "model": "catalogue.missionsensor", 
        "fields": {
            "is_radar": false, 
            "name": "AWiFS Advanced Wide Field Sensor ResourceSat-2", 
            "description": "", 
            "mission": 40, 
            "abbreviation": "AWF", 
            "operator_abbreviation": "AwiFS-R-2", 
            "has_data": false
        }
    }, 
    {
        "pk": 60, 
        "model": "catalogue.missionsensor", 
        "fields": {
            "is_radar": false, 
            "name": "Pan-Aft-IRS-P5", 
            "description": "", 
            "mission": 41, 
            "abbreviation": "P-A", 
            "operator_abbreviation": "Pan-Aft-CS1", 
            "has_data": false
        }
    }, 
    {
        "pk": 61, 
        "model": "catalogue.missionsensor", 
        "fields": {
            "is_radar": false, 
            "name": "Pan-Fore-IRS-P5", 
            "description": "", 
            "mission": 41, 
            "abbreviation": "P-F", 
            "operator_abbreviation": "Pan-Fore-CS1", 
            "has_data": false
        }
    }, 
    {
        "pk": 62, 
        "model": "catalogue.missionsensor", 
        "fields": {
            "is_radar": false, 
            "name": "Panchromatic Remote-sensing Instrument for Stereo Mapping ALOS-1", 
            "description": "", 
            "mission": 42, 
            "abbreviation": "PIM", 
            "operator_abbreviation": "PRISM", 
            "has_data": false
        }
    }, 
    {
        "pk": 63, 
        "model": "catalogue.missionsensor", 
        "fields": {
            "is_radar": false, 
            "name": "Advanced Visible and Near-Infrared Radiometer \u2013 2 ALOS-1", 
            "description": "", 
            "mission": 42, 
            "abbreviation": "AV2", 
            "operator_abbreviation": "AVNIR-2", 
            "has_data": false
        }
    }, 
    {
        "pk": 64, 
        "model": "catalogue.missionsensor", 
        "fields": {
            "is_radar": false, 
            "name": "Phased Array L-band Synthetic Aperture Radar-1 ALOS-1", 
            "description": "", 
            "mission": 42, 
            "abbreviation": "PSR", 
            "operator_abbreviation": "PALSAR-1", 
            "has_data": false
        }
    }, 
    {
        "pk": 65, 
        "model": "catalogue.missionsensor", 
        "fields": {
            "is_radar": false, 
            "name": "Phased Array L-band Synthetic Aperture Radar-2 ALOS-2", 
            "description": "", 
            "mission": 43, 
            "abbreviation": "PSR", 
            "operator_abbreviation": "PALSAR-2", 
            "has_data": false
        }
    }, 
    {
        "pk": 66, 
        "model": "catalogue.missionsensor", 
        "fields": {
            "is_radar": false, 
            "name": "Atmospheric Infrared Sounder AQA", 
            "description": "", 
            "mission": 44, 
            "abbreviation": "AIS", 
            "operator_abbreviation": "AIRS", 
            "has_data": false
        }
    }, 
    {
        "pk": 67, 
        "model": "catalogue.missionsensor", 
        "fields": {
            "is_radar": false, 
            "name": "Moderate-Resolution Imaging Spectroradiometer Aqua", 
            "description": "", 
            "mission": 44, 
            "abbreviation": "MYD", 
            "operator_abbreviation": "MODIS-AQA", 
            "has_data": false
        }
    }, 
    {
        "pk": 68, 
        "model": "catalogue.missionsensor", 
        "fields": {
            "is_radar": false, 
            "name": "Advanced Spaceborne Thermal Emission and Reflection Radiometer", 
            "description": "", 
            "mission": 45, 
            "abbreviation": "AST", 
            "operator_abbreviation": "ASTER-TER", 
            "has_data": false
        }
    }, 
    {
        "pk": 69, 
        "model": "catalogue.missionsensor", 
        "fields": {
            "is_radar": false, 
            "name": "Multi-angle Imaging SpectroRadiometer Terra", 
            "description": "", 
            "mission": 45, 
            "abbreviation": "MIS", 
            "operator_abbreviation": "MISR-TER", 
            "has_data": false
        }
    }, 
    {
        "pk": 70, 
        "model": "catalogue.missionsensor", 
        "fields": {
            "is_radar": false, 
            "name": "Moderate-Resolution Imaging Spectroradiometer Terra", 
            "description": "", 
            "mission": 45, 
            "abbreviation": "MOD", 
            "operator_abbreviation": "MODIS-TER", 
            "has_data": false
        }
    }, 
    {
        "pk": 71, 
        "model": "catalogue.missionsensor", 
        "fields": {
            "is_radar": false, 
            "name": "Moderate-Resolution Imaging Spectroradiometer Aqua and Terra", 
            "description": "", 
            "mission": 46, 
            "abbreviation": "MCD", 
            "operator_abbreviation": "MODIS-A-T", 
            "has_data": false
        }
    }, 
    {
        "pk": 72, 
        "model": "catalogue.missionsensor", 
        "fields": {
            "is_radar": false, 
            "name": "Panchromatic Imaging Camera EROS-A", 
            "description": "", 
            "mission": 47, 
            "abbreviation": "PIC", 
            "operator_abbreviation": "PIC-E-A", 
            "has_data": false
        }
    }, 
    {
        "pk": 73, 
        "model": "catalogue.missionsensor", 
        "fields": {
            "is_radar": false, 
            "name": "Sea-Viewing Wide Field-of-View Sensor OrbView-2", 
            "description": "", 
            "mission": 48, 
            "abbreviation": "SWF", 
            "operator_abbreviation": "SeaWiFS-2", 
            "has_data": false
        }
    }, 
    {
        "pk": 6, 
        "model": "catalogue.missionsensor", 
        "fields": {
            "is_radar": false, 
            "name": "Spot 1,2,3 HRV Xs", 
            "description": "", 
            "mission": 17, 
            "abbreviation": "Xs", 
            "operator_abbreviation": "Xs", 
            "has_data": true
        }
    }, 
    {
        "pk": 7, 
        "model": "catalogue.missionsensor", 
        "fields": {
            "is_radar": false, 
            "name": "Spot 4 G,R,NIR,SWIR", 
            "description": "", 
            "mission": 16, 
            "abbreviation": "Xi", 
            "operator_abbreviation": "Xi", 
            "has_data": true
        }
    }, 
    {
        "pk": 8, 
        "model": "catalogue.missionsensor", 
        "fields": {
            "is_radar": false, 
            "name": "Spot 4 Pan", 
            "description": "", 
            "mission": 16, 
            "abbreviation": "M", 
            "operator_abbreviation": "M", 
            "has_data": true
        }
    }, 
    {
        "pk": 9, 
        "model": "catalogue.missionsensor", 
        "fields": {
            "is_radar": false, 
            "name": "Spot 1,2,3 HRV Pan", 
            "description": "", 
            "mission": 17, 
            "abbreviation": "Pan", 
            "operator_abbreviation": "Pan", 
            "has_data": true
        }
    }, 
    {
        "pk": 45, 
        "model": "catalogue.missionsensor", 
        "fields": {
            "is_radar": true, 
            "name": "TSX-SAR TSX-1", 
            "description": "", 
            "mission": 30, 
            "abbreviation": "SAR", 
            "operator_abbreviation": "SAR-TSX1", 
            "has_data": false
        }
    }, 
    {
        "pk": 46, 
        "model": "catalogue.missionsensor", 
        "fields": {
            "is_radar": true, 
            "name": "TDX-SAR TanDEM-X", 
            "description": "", 
            "mission": 31, 
            "abbreviation": "SAR", 
            "operator_abbreviation": "SAR-TDX2", 
            "has_data": false
        }
    }, 
    {
        "pk": 52, 
        "model": "catalogue.missionsensor", 
        "fields": {
            "is_radar": true, 
            "name": "SAR RADARSAT-1", 
            "description": "", 
            "mission": 37, 
            "abbreviation": "SAR", 
            "operator_abbreviation": "SAR-RS1", 
            "has_data": false
        }
    }, 
    {
        "pk": 53, 
        "model": "catalogue.missionsensor", 
        "fields": {
            "is_radar": true, 
            "name": "SAR RADARSAT-2", 
            "description": "", 
            "mission": 38, 
            "abbreviation": "SAR", 
            "operator_abbreviation": "SAR-RS2", 
            "has_data": false
        }
    }, 
    {
        "pk": 9, 
        "model": "catalogue.sensortype", 
        "fields": {
            "abbreviation": "VIT", 
            "mission_sensor": 1, 
            "name": "Visual, Near Infrared, Short Wave Infrared and Thermal", 
            "operator_abbreviation": "VisNirSwirTh", 
            "is_taskable": true
        }
    }, 
    {
        "pk": 10, 
        "model": "catalogue.sensortype", 
        "fields": {
            "abbreviation": "STM", 
            "mission_sensor": 2, 
            "name": "Strip Map C Band", 
            "operator_abbreviation": "STM-C", 
            "is_taskable": true
        }
    }, 
    {
        "pk": 11, 
        "model": "catalogue.sensortype", 
        "fields": {
            "abbreviation": "HRF", 
            "mission_sensor": 3, 
            "name": "Multispectral", 
            "operator_abbreviation": "HRF", 
            "is_taskable": true
        }
    }, 
    {
        "pk": 12, 
        "model": "catalogue.sensortype", 
        "fields": {
            "abbreviation": "HTM", 
            "mission_sensor": 3, 
            "name": "Thermal", 
            "operator_abbreviation": "HTM", 
            "is_taskable": true
        }
    }, 
    {
        "pk": 13, 
        "model": "catalogue.sensortype", 
        "fields": {
            "abbreviation": "HRF", 
            "mission_sensor": 16, 
            "name": "Multispectral", 
            "operator_abbreviation": "HRF", 
            "is_taskable": true
        }
    }, 
    {
        "pk": 14, 
        "model": "catalogue.sensortype", 
        "fields": {
            "abbreviation": "HTM", 
            "mission_sensor": 16, 
            "name": "Thermal", 
            "operator_abbreviation": "HTM", 
            "is_taskable": true
        }
    }, 
    {
        "pk": 15, 
        "model": "catalogue.sensortype", 
        "fields": {
            "abbreviation": "VNI", 
            "mission_sensor": 4, 
            "name": "Visual, Near Infrared", 
            "operator_abbreviation": "VisNir", 
            "is_taskable": true
        }
    }, 
    {
        "pk": 16, 
        "model": "catalogue.sensortype", 
        "fields": {
            "abbreviation": "VNI", 
            "mission_sensor": 17, 
            "name": "Visual, Near Infrared", 
            "operator_abbreviation": "VisNir", 
            "is_taskable": true
        }
    }, 
    {
        "pk": 17, 
        "model": "catalogue.sensortype", 
        "fields": {
            "abbreviation": "VNI", 
            "mission_sensor": 18, 
            "name": "Visual, Near Infrared", 
            "operator_abbreviation": "VisNir", 
            "is_taskable": true
        }
    }, 
    {
        "pk": 18, 
        "model": "catalogue.sensortype", 
        "fields": {
            "abbreviation": "VNT", 
            "mission_sensor": 18, 
            "name": "Visual, Near Infrared, Thermal", 
            "operator_abbreviation": "VisNirTh", 
            "is_taskable": true
        }
    }, 
    {
        "pk": 19, 
        "model": "catalogue.sensortype", 
        "fields": {
            "abbreviation": "VNI", 
            "mission_sensor": 19, 
            "name": "Visual, Near Infrared", 
            "operator_abbreviation": "VisNir", 
            "is_taskable": true
        }
    }, 
    {
        "pk": 20, 
        "model": "catalogue.sensortype", 
        "fields": {
            "abbreviation": "VNI", 
            "mission_sensor": 20, 
            "name": "Visual, Near Infrared", 
            "operator_abbreviation": "VisNir", 
            "is_taskable": true
        }
    }, 
    {
        "pk": 21, 
        "model": "catalogue.sensortype", 
        "fields": {
            "abbreviation": "HPN", 
            "mission_sensor": 5, 
            "name": "Panchromatic", 
            "operator_abbreviation": "HPN", 
            "is_taskable": true
        }
    }, 
    {
        "pk": 22, 
        "model": "catalogue.sensortype", 
        "fields": {
            "abbreviation": "HRF", 
            "mission_sensor": 5, 
            "name": "Multispectral", 
            "operator_abbreviation": "HRF", 
            "is_taskable": true
        }
    }, 
    {
        "pk": 23, 
        "model": "catalogue.sensortype", 
        "fields": {
            "abbreviation": "HPM", 
            "mission_sensor": 5, 
            "name": "Pansharpened Multispectral", 
            "operator_abbreviation": "HPM", 
            "is_taskable": true
        }
    }, 
    {
        "pk": 24, 
        "model": "catalogue.sensortype", 
        "fields": {
            "abbreviation": "HTM", 
            "mission_sensor": 5, 
            "name": "Thermal", 
            "operator_abbreviation": "HTM", 
            "is_taskable": true
        }
    }, 
    {
        "pk": 25, 
        "model": "catalogue.sensortype", 
        "fields": {
            "abbreviation": "XS", 
            "mission_sensor": 21, 
            "name": "Visual, NearInfrared,", 
            "operator_abbreviation": "Xs", 
            "is_taskable": true
        }
    }, 
    {
        "pk": 26, 
        "model": "catalogue.sensortype", 
        "fields": {
            "abbreviation": "P", 
            "mission_sensor": 21, 
            "name": "Panchromatic", 
            "operator_abbreviation": "P", 
            "is_taskable": true
        }
    }, 
    {
        "pk": 27, 
        "model": "catalogue.sensortype", 
        "fields": {
            "abbreviation": "XSP", 
            "mission_sensor": 21, 
            "name": "Pansharpened Visual, NearInfrared,", 
            "operator_abbreviation": "XsP", 
            "is_taskable": true
        }
    }, 
    {
        "pk": 28, 
        "model": "catalogue.sensortype", 
        "fields": {
            "abbreviation": "XS", 
            "mission_sensor": 22, 
            "name": "Visual, NearInfrared,", 
            "operator_abbreviation": "Xs", 
            "is_taskable": true
        }
    }, 
    {
        "pk": 29, 
        "model": "catalogue.sensortype", 
        "fields": {
            "abbreviation": "P", 
            "mission_sensor": 22, 
            "name": "Panchromatic", 
            "operator_abbreviation": "P", 
            "is_taskable": true
        }
    }, 
    {
        "pk": 30, 
        "model": "catalogue.sensortype", 
        "fields": {
            "abbreviation": "XSP", 
            "mission_sensor": 22, 
            "name": "Pansharpened Visual, NearInfrared,", 
            "operator_abbreviation": "XsP", 
            "is_taskable": true
        }
    }, 
    {
        "pk": 31, 
        "model": "catalogue.sensortype", 
        "fields": {
            "abbreviation": "XS", 
            "mission_sensor": 23, 
            "name": "Visual, NearInfrared,", 
            "operator_abbreviation": "Xs", 
            "is_taskable": true
        }
    }, 
    {
        "pk": 32, 
        "model": "catalogue.sensortype", 
        "fields": {
            "abbreviation": "P", 
            "mission_sensor": 23, 
            "name": "Panchromatic", 
            "operator_abbreviation": "P", 
            "is_taskable": true
        }
    }, 
    {
        "pk": 33, 
        "model": "catalogue.sensortype", 
        "fields": {
            "abbreviation": "XSP", 
            "mission_sensor": 23, 
            "name": "Pansharpened Visual, NearInfrared,", 
            "operator_abbreviation": "XsP", 
            "is_taskable": true
        }
    }, 
    {
        "pk": 34, 
        "model": "catalogue.sensortype", 
        "fields": {
            "abbreviation": "XI", 
            "mission_sensor": 24, 
            "name": "Visual, NearInfrared, SWIR", 
            "operator_abbreviation": "Xi", 
            "is_taskable": true
        }
    }, 
    {
        "pk": 35, 
        "model": "catalogue.sensortype", 
        "fields": {
            "abbreviation": "XS", 
            "mission_sensor": 24, 
            "name": "Visual, NearInfrared", 
            "operator_abbreviation": "Xs", 
            "is_taskable": true
        }
    }, 
    {
        "pk": 36, 
        "model": "catalogue.sensortype", 
        "fields": {
            "abbreviation": "M", 
            "mission_sensor": 24, 
            "name": "Monospectral", 
            "operator_abbreviation": "M", 
            "is_taskable": true
        }
    }, 
    {
        "pk": 37, 
        "model": "catalogue.sensortype", 
        "fields": {
            "abbreviation": "XIM", 
            "mission_sensor": 24, 
            "name": "Pansharpened Visual, NearInfrared, SWIR", 
            "operator_abbreviation": "XiM", 
            "is_taskable": true
        }
    }, 
    {
        "pk": 38, 
        "model": "catalogue.sensortype", 
        "fields": {
            "abbreviation": "XSM", 
            "mission_sensor": 24, 
            "name": "Pansharpened Visual, NearInfrared,", 
            "operator_abbreviation": "XsM", 
            "is_taskable": true
        }
    }, 
    {
        "pk": 39, 
        "model": "catalogue.sensortype", 
        "fields": {
            "abbreviation": "XI", 
            "mission_sensor": 25, 
            "name": "Visual, NearInfrared, SWIR", 
            "operator_abbreviation": "Xi", 
            "is_taskable": true
        }
    }, 
    {
        "pk": 40, 
        "model": "catalogue.sensortype", 
        "fields": {
            "abbreviation": "A", 
            "mission_sensor": 10, 
            "name": "Panchromatic", 
            "operator_abbreviation": "A", 
            "is_taskable": true
        }
    }, 
    {
        "pk": 41, 
        "model": "catalogue.sensortype", 
        "fields": {
            "abbreviation": "B", 
            "mission_sensor": 10, 
            "name": "Panchromatic", 
            "operator_abbreviation": "B", 
            "is_taskable": true
        }
    }, 
    {
        "pk": 42, 
        "model": "catalogue.sensortype", 
        "fields": {
            "abbreviation": "J", 
            "mission_sensor": 10, 
            "name": "Visual, NearInfrared, SWIR", 
            "operator_abbreviation": "J", 
            "is_taskable": true
        }
    }, 
    {
        "pk": 43, 
        "model": "catalogue.sensortype", 
        "fields": {
            "abbreviation": "X", 
            "mission_sensor": 10, 
            "name": "Visual, NearInfrared", 
            "operator_abbreviation": "X", 
            "is_taskable": true
        }
    }, 
    {
        "pk": 44, 
        "model": "catalogue.sensortype", 
        "fields": {
            "abbreviation": "T", 
            "mission_sensor": 10, 
            "name": "Supersampled Panchromatic", 
            "operator_abbreviation": "T", 
            "is_taskable": true
        }
    }, 
    {
        "pk": 45, 
        "model": "catalogue.sensortype", 
        "fields": {
            "abbreviation": "JA", 
            "mission_sensor": 10, 
            "name": "Pansharpened Visual, NearInfrared, SWIR", 
            "operator_abbreviation": "JA", 
            "is_taskable": true
        }
    }, 
    {
        "pk": 46, 
        "model": "catalogue.sensortype", 
        "fields": {
            "abbreviation": "JB", 
            "mission_sensor": 10, 
            "name": "Pansharpened Visual, NearInfrared, SWIR", 
            "operator_abbreviation": "JB", 
            "is_taskable": true
        }
    }, 
    {
        "pk": 47, 
        "model": "catalogue.sensortype", 
        "fields": {
            "abbreviation": "JT", 
            "mission_sensor": 10, 
            "name": "Supersampled Pansharpened Visual NearInfrared, SWIR", 
            "operator_abbreviation": "JT", 
            "is_taskable": true
        }
    }, 
    {
        "pk": 48, 
        "model": "catalogue.sensortype", 
        "fields": {
            "abbreviation": "XA", 
            "mission_sensor": 10, 
            "name": "Pansharpened Visual, NearInfrared", 
            "operator_abbreviation": "XA", 
            "is_taskable": true
        }
    }, 
    {
        "pk": 49, 
        "model": "catalogue.sensortype", 
        "fields": {
            "abbreviation": "XB", 
            "mission_sensor": 10, 
            "name": "Pansharpened Visual, NearInfrared", 
            "operator_abbreviation": "XB", 
            "is_taskable": true
        }
    }, 
    {
        "pk": 50, 
        "model": "catalogue.sensortype", 
        "fields": {
            "abbreviation": "XT", 
            "mission_sensor": 10, 
            "name": "Supersampled Pansharpened Visual NearInfrared", 
            "operator_abbreviation": "XT", 
            "is_taskable": true
        }
    }, 
    {
        "pk": 51, 
        "model": "catalogue.sensortype", 
        "fields": {
            "abbreviation": "S", 
            "mission_sensor": 26, 
            "name": "Panchromatic Stereo", 
            "operator_abbreviation": "S", 
            "is_taskable": true
        }
    }, 
    {
        "pk": 52, 
        "model": "catalogue.sensortype", 
        "fields": {
            "abbreviation": "XI", 
            "mission_sensor": 27, 
            "name": "Visual, Near Infrared, SWIR", 
            "operator_abbreviation": "Xi", 
            "is_taskable": true
        }
    }, 
    {
        "pk": 53, 
        "model": "catalogue.sensortype", 
        "fields": {
            "abbreviation": "STM", 
            "mission_sensor": 28, 
            "name": "Strip Map C Band", 
            "operator_abbreviation": "STM-C", 
            "is_taskable": true
        }
    }, 
    {
        "pk": 54, 
        "model": "catalogue.sensortype", 
        "fields": {
            "abbreviation": "VNI", 
            "mission_sensor": 29, 
            "name": "Visual, Near Infrared", 
            "operator_abbreviation": "VisNir", 
            "is_taskable": true
        }
    }, 
    {
        "pk": 55, 
        "model": "catalogue.sensortype", 
        "fields": {
            "abbreviation": "VNI", 
            "mission_sensor": 30, 
            "name": "Visual, Near Infrared", 
            "operator_abbreviation": "VisNir", 
            "is_taskable": true
        }
    }, 
    {
        "pk": 56, 
        "model": "catalogue.sensortype", 
        "fields": {
            "abbreviation": "VNI", 
            "mission_sensor": 31, 
            "name": "Visual, Near Infrared", 
            "operator_abbreviation": "VisNir", 
            "is_taskable": true
        }
    }, 
    {
        "pk": 57, 
        "model": "catalogue.sensortype", 
        "fields": {
            "abbreviation": "GRN", 
            "mission_sensor": 14, 
            "name": "Green, Red, Near Infrared", 
            "operator_abbreviation": "GRNir", 
            "is_taskable": true
        }
    }, 
    {
        "pk": 58, 
        "model": "catalogue.sensortype", 
        "fields": {
            "abbreviation": "5BF", 
            "mission_sensor": 14, 
            "name": "Visual, Near Infrared, Pan", 
            "operator_abbreviation": "VisNirP", 
            "is_taskable": true
        }
    }, 
    {
        "pk": 59, 
        "model": "catalogue.sensortype", 
        "fields": {
            "abbreviation": "BRP", 
            "mission_sensor": 14, 
            "name": "Blue, Red, Panchromatic", 
            "operator_abbreviation": "BRP", 
            "is_taskable": true
        }
    }, 
    {
        "pk": 60, 
        "model": "catalogue.sensortype", 
        "fields": {
            "abbreviation": "PAN", 
            "mission_sensor": 32, 
            "name": "Panchromatic", 
            "operator_abbreviation": "PAN", 
            "is_taskable": true
        }
    }, 
    {
        "pk": 61, 
        "model": "catalogue.sensortype", 
        "fields": {
            "abbreviation": "RNI", 
            "mission_sensor": 33, 
            "name": "Red, Near Infrared", 
            "operator_abbreviation": "RNIR", 
            "is_taskable": true
        }
    }, 
    {
        "pk": 62, 
        "model": "catalogue.sensortype", 
        "fields": {
            "abbreviation": "RGB", 
            "mission_sensor": 34, 
            "name": "Visual True Colour", 
            "operator_abbreviation": "RGB", 
            "is_taskable": true
        }
    }, 
    {
        "pk": 6, 
        "model": "catalogue.sensortype", 
        "fields": {
            "abbreviation": "R3B", 
            "mission_sensor": 13, 
            "name": "Red, RedEdge, NIR", 
            "operator_abbreviation": "R3B", 
            "is_taskable": true
        }
    }, 
    {
        "pk": 63, 
        "model": "catalogue.sensortype", 
        "fields": {
            "abbreviation": "PAN", 
            "mission_sensor": 35, 
            "name": "Panchromatic", 
            "operator_abbreviation": "PAN", 
            "is_taskable": true
        }
    }, 
    {
        "pk": 64, 
        "model": "catalogue.sensortype", 
        "fields": {
            "abbreviation": "GRN", 
            "mission_sensor": 35, 
            "name": "Green, Red, Near Infrared", 
            "operator_abbreviation": "GRNir", 
            "is_taskable": true
        }
    }, 
    {
        "pk": 65, 
        "model": "catalogue.sensortype", 
        "fields": {
            "abbreviation": "GRN", 
            "mission_sensor": 36, 
            "name": "Green, Red, Near Infrared", 
            "operator_abbreviation": "GRNir", 
            "is_taskable": true
        }
    }, 
    {
        "pk": 66, 
        "model": "catalogue.sensortype", 
        "fields": {
            "abbreviation": "5BF", 
            "mission_sensor": 36, 
            "name": "Visual, Near Infrared, Pan", 
            "operator_abbreviation": "VisNirP", 
            "is_taskable": true
        }
    }, 
    {
        "pk": 67, 
        "model": "catalogue.sensortype", 
        "fields": {
            "abbreviation": "BRP", 
            "mission_sensor": 36, 
            "name": "Blue, Red, Panchromatic", 
            "operator_abbreviation": "BRP", 
            "is_taskable": true
        }
    }, 
    {
        "pk": 68, 
        "model": "catalogue.sensortype", 
        "fields": {
            "abbreviation": "NST", 
            "mission_sensor": 37, 
            "name": "Near Infrared, Short Wave infrared, Thermal Infrared", 
            "operator_abbreviation": "NirSwirTh", 
            "is_taskable": true
        }
    }, 
    {
        "pk": 69, 
        "model": "catalogue.sensortype", 
        "fields": {
            "abbreviation": "VNI", 
            "mission_sensor": 38, 
            "name": "RGB, Near Infrared", 
            "operator_abbreviation": "RGBNir", 
            "is_taskable": true
        }
    }, 
    {
        "pk": 70, 
        "model": "catalogue.sensortype", 
        "fields": {
            "abbreviation": "VNS", 
            "mission_sensor": 15, 
            "name": "RGB, Near Infrared, Short Wave infrared", 
            "operator_abbreviation": "VisNirSwir", 
            "is_taskable": true
        }
    }, 
    {
        "pk": 71, 
        "model": "catalogue.sensortype", 
        "fields": {
            "abbreviation": "PAN", 
            "mission_sensor": 39, 
            "name": "Panchromatic", 
            "operator_abbreviation": "PAN", 
            "is_taskable": true
        }
    }, 
    {
        "pk": 72, 
        "model": "catalogue.sensortype", 
        "fields": {
            "abbreviation": "PAN", 
            "mission_sensor": 40, 
            "name": "Panchromatic", 
            "operator_abbreviation": "PAN", 
            "is_taskable": true
        }
    }, 
    {
        "pk": 73, 
        "model": "catalogue.sensortype", 
        "fields": {
            "abbreviation": "PAN", 
            "mission_sensor": 41, 
            "name": "Panchromatic", 
            "operator_abbreviation": "PAN", 
            "is_taskable": true
        }
    }, 
    {
        "pk": 74, 
        "model": "catalogue.sensortype", 
        "fields": {
            "abbreviation": "VNI", 
            "mission_sensor": 41, 
            "name": "RGB, Near Infrared", 
            "operator_abbreviation": "VisNir", 
            "is_taskable": true
        }
    }, 
    {
        "pk": 75, 
        "model": "catalogue.sensortype", 
        "fields": {
            "abbreviation": "M8B", 
            "mission_sensor": 41, 
            "name": "Coastal, Blue, Green, Yellow, Red, RedEdge, Near-IR1, NearIR2", 
            "operator_abbreviation": "VisNir", 
            "is_taskable": true
        }
    }, 
    {
        "pk": 76, 
        "model": "catalogue.sensortype", 
        "fields": {
            "abbreviation": "PVN", 
            "mission_sensor": 41, 
            "name": "Pansharpened RGB, Near Infrared", 
            "operator_abbreviation": "PanVisNir", 
            "is_taskable": true
        }
    }, 
    {
        "pk": 77, 
        "model": "catalogue.sensortype", 
        "fields": {
            "abbreviation": "P8B", 
            "mission_sensor": 41, 
            "name": "Pansharpened Coastal, Blue, Green, Yellow, Red, RedEdge, Near-IR1, NearIR2", 
            "operator_abbreviation": "VisNir", 
            "is_taskable": true
        }
    }, 
    {
        "pk": 78, 
        "model": "catalogue.sensortype", 
        "fields": {
            "abbreviation": "PAN", 
            "mission_sensor": 42, 
            "name": "Panchromatic", 
            "operator_abbreviation": "PAN", 
            "is_taskable": true
        }
    }, 
    {
        "pk": 79, 
        "model": "catalogue.sensortype", 
        "fields": {
            "abbreviation": "VNI", 
            "mission_sensor": 42, 
            "name": "RGB, Near Infrared", 
            "operator_abbreviation": "VisNir", 
            "is_taskable": true
        }
    }, 
    {
        "pk": 80, 
        "model": "catalogue.sensortype", 
        "fields": {
            "abbreviation": "PVN", 
            "mission_sensor": 42, 
            "name": "Pansharpened RGB, Near Infrared", 
            "operator_abbreviation": "PanVisNir", 
            "is_taskable": true
        }
    }, 
    {
        "pk": 81, 
        "model": "catalogue.sensortype", 
        "fields": {
            "abbreviation": "PAN", 
            "mission_sensor": 43, 
            "name": "Panchromatic", 
            "operator_abbreviation": "Pan", 
            "is_taskable": true
        }
    }, 
    {
        "pk": 82, 
        "model": "catalogue.sensortype", 
        "fields": {
            "abbreviation": "VNI", 
            "mission_sensor": 43, 
            "name": "RGB, Near Infrared", 
            "operator_abbreviation": "VisNir", 
            "is_taskable": true
        }
    }, 
    {
        "pk": 83, 
        "model": "catalogue.sensortype", 
        "fields": {
            "abbreviation": "PAN", 
            "mission_sensor": 44, 
            "name": "Panchromatic", 
            "operator_abbreviation": "Pan", 
            "is_taskable": true
        }
    }, 
    {
        "pk": 84, 
        "model": "catalogue.sensortype", 
        "fields": {
            "abbreviation": "VNI", 
            "mission_sensor": 44, 
            "name": "RGB, Near Infrared", 
            "operator_abbreviation": "VisNir", 
            "is_taskable": true
        }
    }, 
    {
        "pk": 85, 
        "model": "catalogue.sensortype", 
        "fields": {
            "abbreviation": "HSS", 
            "mission_sensor": 45, 
            "name": "High Resolution Spot Light Single Polarisation", 
            "operator_abbreviation": "HighResSpotLightSingle", 
            "is_taskable": true
        }
    }, 
    {
        "pk": 86, 
        "model": "catalogue.sensortype", 
        "fields": {
            "abbreviation": "HSD", 
            "mission_sensor": 45, 
            "name": "High Resolution Spot Light Dual Polarisation", 
            "operator_abbreviation": "HighResSpotLightDual", 
            "is_taskable": true
        }
    }, 
    {
        "pk": 87, 
        "model": "catalogue.sensortype", 
        "fields": {
            "abbreviation": "HS3", 
            "mission_sensor": 45, 
            "name": "High Resolution Spot Light 300 MHz", 
            "operator_abbreviation": "HS300", 
            "is_taskable": true
        }
    }, 
    {
        "pk": 88, 
        "model": "catalogue.sensortype", 
        "fields": {
            "abbreviation": "SLS", 
            "mission_sensor": 45, 
            "name": "Spot Light Single Polarisation", 
            "operator_abbreviation": "SpotLightSingle", 
            "is_taskable": true
        }
    }, 
    {
        "pk": 89, 
        "model": "catalogue.sensortype", 
        "fields": {
            "abbreviation": "SLD", 
            "mission_sensor": 45, 
            "name": "Spot Light Dual Polarisation", 
            "operator_abbreviation": "SpotLightDual", 
            "is_taskable": true
        }
    }, 
    {
        "pk": 90, 
        "model": "catalogue.sensortype", 
        "fields": {
            "abbreviation": "SMS", 
            "mission_sensor": 45, 
            "name": "Strip Map Single Polarisation", 
            "operator_abbreviation": "StripMapSingle", 
            "is_taskable": true
        }
    }, 
    {
        "pk": 91, 
        "model": "catalogue.sensortype", 
        "fields": {
            "abbreviation": "SMD", 
            "mission_sensor": 45, 
            "name": "Strip Map Dual Polarisation", 
            "operator_abbreviation": "StripMapDual", 
            "is_taskable": true
        }
    }, 
    {
        "pk": 92, 
        "model": "catalogue.sensortype", 
        "fields": {
            "abbreviation": "SMQ", 
            "mission_sensor": 45, 
            "name": "Strip Map Quad Polarisation", 
            "operator_abbreviation": "StripMapQuad", 
            "is_taskable": true
        }
    }, 
    {
        "pk": 93, 
        "model": "catalogue.sensortype", 
        "fields": {
            "abbreviation": "SCS", 
            "mission_sensor": 45, 
            "name": "Scan SAR", 
            "operator_abbreviation": "ScanSAR", 
            "is_taskable": true
        }
    }, 
    {
        "pk": 94, 
        "model": "catalogue.sensortype", 
        "fields": {
            "abbreviation": "HSS", 
            "mission_sensor": 46, 
            "name": "High Resolution Spot Light Single Polarisation", 
            "operator_abbreviation": "HighResSpotLightSingle", 
            "is_taskable": true
        }
    }, 
    {
        "pk": 95, 
        "model": "catalogue.sensortype", 
        "fields": {
            "abbreviation": "HSD", 
            "mission_sensor": 46, 
            "name": "High Resolution Spot Light Dual Polarisation", 
            "operator_abbreviation": "HighResSpotLightDual", 
            "is_taskable": true
        }
    }, 
    {
        "pk": 96, 
        "model": "catalogue.sensortype", 
        "fields": {
            "abbreviation": "HS3", 
            "mission_sensor": 46, 
            "name": "High Resolution Spot Light 300 MHz", 
            "operator_abbreviation": "HS300", 
            "is_taskable": true
        }
    }, 
    {
        "pk": 97, 
        "model": "catalogue.sensortype", 
        "fields": {
            "abbreviation": "SLS", 
            "mission_sensor": 46, 
            "name": "Spot Light Single Polarisation", 
            "operator_abbreviation": "SpotLightSingle", 
            "is_taskable": true
        }
    }, 
    {
        "pk": 98, 
        "model": "catalogue.sensortype", 
        "fields": {
            "abbreviation": "SLD", 
            "mission_sensor": 46, 
            "name": "Spot Light Dual Polarisation", 
            "operator_abbreviation": "SpotLightDual", 
            "is_taskable": true
        }
    }, 
    {
        "pk": 99, 
        "model": "catalogue.sensortype", 
        "fields": {
            "abbreviation": "SMS", 
            "mission_sensor": 46, 
            "name": "Strip Map Single Polarisation", 
            "operator_abbreviation": "StripMapSingle", 
            "is_taskable": true
        }
    }, 
    {
        "pk": 100, 
        "model": "catalogue.sensortype", 
        "fields": {
            "abbreviation": "SMD", 
            "mission_sensor": 46, 
            "name": "Strip Map Dual Polarisation", 
            "operator_abbreviation": "StripMapDual", 
            "is_taskable": true
        }
    }, 
    {
        "pk": 101, 
        "model": "catalogue.sensortype", 
        "fields": {
            "abbreviation": "SMQ", 
            "mission_sensor": 46, 
            "name": "Strip Map Quad Polarisation", 
            "operator_abbreviation": "StripMapQuad", 
            "is_taskable": true
        }
    }, 
    {
        "pk": 102, 
        "model": "catalogue.sensortype", 
        "fields": {
            "abbreviation": "SCS", 
            "mission_sensor": 46, 
            "name": "Scan SAR", 
            "operator_abbreviation": "ScanSAR", 
            "is_taskable": true
        }
    }, 
    {
        "pk": 103, 
        "model": "catalogue.sensortype", 
        "fields": {
            "abbreviation": "VRN", 
            "mission_sensor": 47, 
            "name": "RGB,RedEdge, Near Infrared", 
            "operator_abbreviation": "VisReNir", 
            "is_taskable": true
        }
    }, 
    {
        "pk": 104, 
        "model": "catalogue.sensortype", 
        "fields": {
            "abbreviation": "VRN", 
            "mission_sensor": 48, 
            "name": "RGB,RedEdge, Near Infrared", 
            "operator_abbreviation": "VisReNir", 
            "is_taskable": true
        }
    }, 
    {
        "pk": 2, 
        "model": "catalogue.sensortype", 
        "fields": {
            "abbreviation": "AMI", 
            "mission_sensor": 2, 
            "name": "AMI", 
            "operator_abbreviation": "AMI", 
            "is_taskable": true
        }
    }, 
    {
        "pk": 105, 
        "model": "catalogue.sensortype", 
        "fields": {
            "abbreviation": "VRN", 
            "mission_sensor": 49, 
            "name": "RGB,RedEdge, Near Infrared", 
            "operator_abbreviation": "VisReNir", 
            "is_taskable": true
        }
    }, 
    {
        "pk": 106, 
        "model": "catalogue.sensortype", 
        "fields": {
            "abbreviation": "VRN", 
            "mission_sensor": 50, 
            "name": "RGB,RedEdge, Near Infrared", 
            "operator_abbreviation": "VisReNir", 
            "is_taskable": true
        }
    }, 
    {
        "pk": 107, 
        "model": "catalogue.sensortype", 
        "fields": {
            "abbreviation": "VRN", 
            "mission_sensor": 51, 
            "name": "RGB,RedEdge, Near Infrared", 
            "operator_abbreviation": "VisReNir", 
            "is_taskable": true
        }
    }, 
    {
        "pk": 108, 
        "model": "catalogue.sensortype", 
        "fields": {
            "abbreviation": "F", 
            "mission_sensor": 52, 
            "name": "Fine Beam", 
            "operator_abbreviation": "Fine", 
            "is_taskable": true
        }
    }, 
    {
        "pk": 109, 
        "model": "catalogue.sensortype", 
        "fields": {
            "abbreviation": "S", 
            "mission_sensor": 52, 
            "name": "Standard", 
            "operator_abbreviation": "Standard", 
            "is_taskable": true
        }
    }, 
    {
        "pk": 110, 
        "model": "catalogue.sensortype", 
        "fields": {
            "abbreviation": "WF", 
            "mission_sensor": 52, 
            "name": "Wide Swath", 
            "operator_abbreviation": "Wide", 
            "is_taskable": true
        }
    }, 
    {
        "pk": 111, 
        "model": "catalogue.sensortype", 
        "fields": {
            "abbreviation": "SSN", 
            "mission_sensor": 52, 
            "name": "Scan SAR Narrow Swath", 
            "operator_abbreviation": "ScanSAR-Narrow", 
            "is_taskable": true
        }
    }, 
    {
        "pk": 112, 
        "model": "catalogue.sensortype", 
        "fields": {
            "abbreviation": "SSW", 
            "mission_sensor": 52, 
            "name": "ScanSAR Wide Swath", 
            "operator_abbreviation": "ScanSAR-Wide", 
            "is_taskable": true
        }
    }, 
    {
        "pk": 113, 
        "model": "catalogue.sensortype", 
        "fields": {
            "abbreviation": "EL", 
            "mission_sensor": 52, 
            "name": "Extended Low Incidence Angle", 
            "operator_abbreviation": "Extended-Low", 
            "is_taskable": true
        }
    }, 
    {
        "pk": 114, 
        "model": "catalogue.sensortype", 
        "fields": {
            "abbreviation": "EH", 
            "mission_sensor": 52, 
            "name": "Extended High Incidence Angle", 
            "operator_abbreviation": "Extended-High", 
            "is_taskable": true
        }
    }, 
    {
        "pk": 115, 
        "model": "catalogue.sensortype", 
        "fields": {
            "abbreviation": "SLA", 
            "mission_sensor": 53, 
            "name": "Spot Light", 
            "operator_abbreviation": "Spotlight-A", 
            "is_taskable": true
        }
    }, 
    {
        "pk": 116, 
        "model": "catalogue.sensortype", 
        "fields": {
            "abbreviation": "UF", 
            "mission_sensor": 53, 
            "name": "Ultra Fine Beam", 
            "operator_abbreviation": "Ultra-Fine", 
            "is_taskable": true
        }
    }, 
    {
        "pk": 117, 
        "model": "catalogue.sensortype", 
        "fields": {
            "abbreviation": "WUF", 
            "mission_sensor": 53, 
            "name": "Wide Ultra Fine Beam", 
            "operator_abbreviation": "Wide-Ultra-Fine", 
            "is_taskable": true
        }
    }, 
    {
        "pk": 118, 
        "model": "catalogue.sensortype", 
        "fields": {
            "abbreviation": "MF", 
            "mission_sensor": 53, 
            "name": "Multi-Look Fine Beam", 
            "operator_abbreviation": "Multi-Look-Fine", 
            "is_taskable": true
        }
    }, 
    {
        "pk": 119, 
        "model": "catalogue.sensortype", 
        "fields": {
            "abbreviation": "WMF", 
            "mission_sensor": 53, 
            "name": "Wide Swath Multi-Look Fine Beam", 
            "operator_abbreviation": "Wide-Multi-Look-Fine", 
            "is_taskable": true
        }
    }, 
    {
        "pk": 120, 
        "model": "catalogue.sensortype", 
        "fields": {
            "abbreviation": "F", 
            "mission_sensor": 53, 
            "name": "Fine Beam", 
            "operator_abbreviation": "Fine", 
            "is_taskable": true
        }
    }, 
    {
        "pk": 121, 
        "model": "catalogue.sensortype", 
        "fields": {
            "abbreviation": "WF", 
            "mission_sensor": 53, 
            "name": "Wide Swath Fine Beam", 
            "operator_abbreviation": "Wide-Fine", 
            "is_taskable": true
        }
    }, 
    {
        "pk": 122, 
        "model": "catalogue.sensortype", 
        "fields": {
            "abbreviation": "S", 
            "mission_sensor": 53, 
            "name": "Standard Beam and Swath", 
            "operator_abbreviation": "Standard", 
            "is_taskable": true
        }
    }, 
    {
        "pk": 123, 
        "model": "catalogue.sensortype", 
        "fields": {
            "abbreviation": "SSN", 
            "mission_sensor": 53, 
            "name": "ScanSAR Narrow Swath", 
            "operator_abbreviation": "ScanSAR-Narrow", 
            "is_taskable": true
        }
    }, 
    {
        "pk": 124, 
        "model": "catalogue.sensortype", 
        "fields": {
            "abbreviation": "SSW", 
            "mission_sensor": 53, 
            "name": "ScanSAR Wide Swath", 
            "operator_abbreviation": "ScanSAR-Wide", 
            "is_taskable": true
        }
    }, 
    {
        "pk": 125, 
        "model": "catalogue.sensortype", 
        "fields": {
            "abbreviation": "EH", 
            "mission_sensor": 53, 
            "name": "Extended High Incidence Angle", 
            "operator_abbreviation": "Extended-High", 
            "is_taskable": true
        }
    }, 
    {
        "pk": 126, 
        "model": "catalogue.sensortype", 
        "fields": {
            "abbreviation": "EL", 
            "mission_sensor": 53, 
            "name": "Extended Low Incidence Angle", 
            "operator_abbreviation": "Extended-Low", 
            "is_taskable": true
        }
    }, 
    {
        "pk": 127, 
        "model": "catalogue.sensortype", 
        "fields": {
            "abbreviation": "FQ", 
            "mission_sensor": 53, 
            "name": "Fine Beam Quad Polarisation", 
            "operator_abbreviation": "Fine-Quad-Pol", 
            "is_taskable": true
        }
    }, 
    {
        "pk": 128, 
        "model": "catalogue.sensortype", 
        "fields": {
            "abbreviation": "WFQ", 
            "mission_sensor": 53, 
            "name": "Wide Swath Fine Beam Quad Polarisation", 
            "operator_abbreviation": "Wide-Fine-Quad-Pol", 
            "is_taskable": true
        }
    }, 
    {
        "pk": 129, 
        "model": "catalogue.sensortype", 
        "fields": {
            "abbreviation": "SQ", 
            "mission_sensor": 53, 
            "name": "Standard Beam and Swath Quad Polarisation", 
            "operator_abbreviation": "Standard-Quad-Pol", 
            "is_taskable": true
        }
    }, 
    {
        "pk": 130, 
        "model": "catalogue.sensortype", 
        "fields": {
            "abbreviation": "WSQ", 
            "mission_sensor": 53, 
            "name": "Wide Swath Standard Beam Quad Polarisation", 
            "operator_abbreviation": "Wide-Standard-Quad-Pol", 
            "is_taskable": true
        }
    }, 
    {
        "pk": 131, 
        "model": "catalogue.sensortype", 
        "fields": {
            "abbreviation": "VNS", 
            "mission_sensor": 54, 
            "name": "Visual, Near Infrared, SWIR", 
            "operator_abbreviation": "VisNirSwir", 
            "is_taskable": true
        }
    }, 
    {
        "pk": 132, 
        "model": "catalogue.sensortype", 
        "fields": {
            "abbreviation": "VNI", 
            "mission_sensor": 55, 
            "name": "Visual, Near Infrared", 
            "operator_abbreviation": "VisNir", 
            "is_taskable": true
        }
    }, 
    {
        "pk": 133, 
        "model": "catalogue.sensortype", 
        "fields": {
            "abbreviation": "PAN", 
            "mission_sensor": 55, 
            "name": "Panchromatic", 
            "operator_abbreviation": "Pan", 
            "is_taskable": true
        }
    }, 
    {
        "pk": 134, 
        "model": "catalogue.sensortype", 
        "fields": {
            "abbreviation": "VNS", 
            "mission_sensor": 56, 
            "name": "Visual, Near Infrared, SWIR", 
            "operator_abbreviation": "VisNirSwir", 
            "is_taskable": true
        }
    }, 
    {
        "pk": 135, 
        "model": "catalogue.sensortype", 
        "fields": {
            "abbreviation": "VNS", 
            "mission_sensor": 57, 
            "name": "Visual, Near Infrared, SWIR", 
            "operator_abbreviation": "VisNirSwir", 
            "is_taskable": true
        }
    }, 
    {
        "pk": 136, 
        "model": "catalogue.sensortype", 
        "fields": {
            "abbreviation": "VNI", 
            "mission_sensor": 58, 
            "name": "Visual, Near Infrared", 
            "operator_abbreviation": "VisNir", 
            "is_taskable": true
        }
    }, 
    {
        "pk": 137, 
        "model": "catalogue.sensortype", 
        "fields": {
            "abbreviation": "PAN", 
            "mission_sensor": 58, 
            "name": "Panchromatic", 
            "operator_abbreviation": "Pan", 
            "is_taskable": true
        }
    }, 
    {
        "pk": 138, 
        "model": "catalogue.sensortype", 
        "fields": {
            "abbreviation": "VNS", 
            "mission_sensor": 59, 
            "name": "Visual, Near Infrared, SWIR", 
            "operator_abbreviation": "VisNirSwir", 
            "is_taskable": true
        }
    }, 
    {
        "pk": 139, 
        "model": "catalogue.sensortype", 
        "fields": {
            "abbreviation": "PAN", 
            "mission_sensor": 60, 
            "name": "Panchromatic", 
            "operator_abbreviation": "Pan", 
            "is_taskable": true
        }
    }, 
    {
        "pk": 140, 
        "model": "catalogue.sensortype", 
        "fields": {
            "abbreviation": "PAN", 
            "mission_sensor": 61, 
            "name": "Panchromatic", 
            "operator_abbreviation": "Pan", 
            "is_taskable": true
        }
    }, 
    {
        "pk": 141, 
        "model": "catalogue.sensortype", 
        "fields": {
            "abbreviation": "PTS", 
            "mission_sensor": 62, 
            "name": "Panchromatic Triplet Stereo observation", 
            "operator_abbreviation": "PanTripletStereo", 
            "is_taskable": true
        }
    }, 
    {
        "pk": 142, 
        "model": "catalogue.sensortype", 
        "fields": {
            "abbreviation": "PNB", 
            "mission_sensor": 62, 
            "name": "Panchromatic Nadir and Back observation", 
            "operator_abbreviation": "PanNadirBack", 
            "is_taskable": true
        }
    }, 
    {
        "pk": 143, 
        "model": "catalogue.sensortype", 
        "fields": {
            "abbreviation": "PND", 
            "mission_sensor": 62, 
            "name": "Panchromatic Nadir observation", 
            "operator_abbreviation": "PanNadir", 
            "is_taskable": true
        }
    }, 
    {
        "pk": 144, 
        "model": "catalogue.sensortype", 
        "fields": {
            "abbreviation": "VN", 
            "mission_sensor": 63, 
            "name": "RGB Near-Infrared", 
            "operator_abbreviation": "TrueColourNir", 
            "is_taskable": true
        }
    }, 
    {
        "pk": 145, 
        "model": "catalogue.sensortype", 
        "fields": {
            "abbreviation": "FR", 
            "mission_sensor": 64, 
            "name": "Fine Resolution", 
            "operator_abbreviation": "FineResolution", 
            "is_taskable": true
        }
    }, 
    {
        "pk": 146, 
        "model": "catalogue.sensortype", 
        "fields": {
            "abbreviation": "SCS", 
            "mission_sensor": 64, 
            "name": "Scan SAR", 
            "operator_abbreviation": "ScanSar", 
            "is_taskable": true
        }
    }, 
    {
        "pk": 147, 
        "model": "catalogue.sensortype", 
        "fields": {
            "abbreviation": "DD", 
            "mission_sensor": 64, 
            "name": "Direkt Downlink", 
            "operator_abbreviation": "DirectDownlink", 
            "is_taskable": true
        }
    }, 
    {
        "pk": 148, 
        "model": "catalogue.sensortype", 
        "fields": {
            "abbreviation": "PM", 
            "mission_sensor": 64, 
            "name": "Polarimetric Mode", 
            "operator_abbreviation": "PolarimetricMode", 
            "is_taskable": true
        }
    }, 
    {
        "pk": 149, 
        "model": "catalogue.sensortype", 
        "fields": {
            "abbreviation": "FR", 
            "mission_sensor": 65, 
            "name": "Fine Resolution", 
            "operator_abbreviation": "FineResolution", 
            "is_taskable": true
        }
    }, 
    {
        "pk": 150, 
        "model": "catalogue.sensortype", 
        "fields": {
            "abbreviation": "SCS", 
            "mission_sensor": 65, 
            "name": "Scan SAR", 
            "operator_abbreviation": "ScanSar", 
            "is_taskable": true
        }
    }, 
    {
        "pk": 151, 
        "model": "catalogue.sensortype", 
        "fields": {
            "abbreviation": "DD", 
            "mission_sensor": 65, 
            "name": "Direkt Downlink", 
            "operator_abbreviation": "DirectDownlink", 
            "is_taskable": true
        }
    }, 
    {
        "pk": 152, 
        "model": "catalogue.sensortype", 
        "fields": {
            "abbreviation": "PM", 
            "mission_sensor": 65, 
            "name": "Polarimetric Mode", 
            "operator_abbreviation": "PolarimetricMode", 
            "is_taskable": true
        }
    }, 
    {
        "pk": 153, 
        "model": "catalogue.sensortype", 
        "fields": {
            "abbreviation": "HST", 
            "mission_sensor": 66, 
            "name": "Hyperspectral Thermal (Infrared) imagery", 
            "operator_abbreviation": "HyperspectralThermal", 
            "is_taskable": true
        }
    }, 
    {
        "pk": 154, 
        "model": "catalogue.sensortype", 
        "fields": {
            "abbreviation": "VNI", 
            "mission_sensor": 66, 
            "name": "Visible Near Infrared", 
            "operator_abbreviation": "VNIR", 
            "is_taskable": true
        }
    }, 
    {
        "pk": 155, 
        "model": "catalogue.sensortype", 
        "fields": {
            "abbreviation": "RNI", 
            "mission_sensor": 67, 
            "name": "Red Near Infrared", 
            "operator_abbreviation": "RedNir", 
            "is_taskable": true
        }
    }, 
    {
        "pk": 156, 
        "model": "catalogue.sensortype", 
        "fields": {
            "abbreviation": "VNS", 
            "mission_sensor": 67, 
            "name": "Visual, Near Infrared, SWIR", 
            "operator_abbreviation": "VisNirSwir", 
            "is_taskable": true
        }
    }, 
    {
        "pk": 157, 
        "model": "catalogue.sensortype", 
        "fields": {
            "abbreviation": "TH", 
            "mission_sensor": 67, 
            "name": "Thermal Infrared", 
            "operator_abbreviation": "Thermal", 
            "is_taskable": true
        }
    }, 
    {
        "pk": 158, 
        "model": "catalogue.sensortype", 
        "fields": {
            "abbreviation": "VIT", 
            "mission_sensor": 67, 
            "name": "Visual, Near Infrared, Short Wave Infrared and Thermal", 
            "operator_abbreviation": "VisNirSwirTh", 
            "is_taskable": true
        }
    }, 
    {
        "pk": 159, 
        "model": "catalogue.sensortype", 
        "fields": {
            "abbreviation": "VIT", 
            "mission_sensor": 68, 
            "name": "Visual, Near Infrared, Short Wave Infrared and Thermal", 
            "operator_abbreviation": "VisNirSwirTh", 
            "is_taskable": true
        }
    }, 
    {
        "pk": 160, 
        "model": "catalogue.sensortype", 
        "fields": {
            "abbreviation": "VNI", 
            "mission_sensor": 68, 
            "name": "Visual, Near Infrared, Near Infrared Back", 
            "operator_abbreviation": "VisNirNirB", 
            "is_taskable": true
        }
    }, 
    {
        "pk": 161, 
        "model": "catalogue.sensortype", 
        "fields": {
            "abbreviation": "SWI", 
            "mission_sensor": 68, 
            "name": "Short Wave infrared", 
            "operator_abbreviation": "SWIR", 
            "is_taskable": true
        }
    }, 
    {
        "pk": 162, 
        "model": "catalogue.sensortype", 
        "fields": {
            "abbreviation": "TH", 
            "mission_sensor": 68, 
            "name": "Thermal Infrared", 
            "operator_abbreviation": "Thermal", 
            "is_taskable": true
        }
    }, 
    {
        "pk": 163, 
        "model": "catalogue.sensortype", 
        "fields": {
            "abbreviation": "VNI", 
            "mission_sensor": 69, 
            "name": "Visible Near Infrared 9 Angles", 
            "operator_abbreviation": "VNIR", 
            "is_taskable": true
        }
    }, 
    {
        "pk": 164, 
        "model": "catalogue.sensortype", 
        "fields": {
            "abbreviation": "RNI", 
            "mission_sensor": 70, 
            "name": "Red Near Infrared", 
            "operator_abbreviation": "RedNir", 
            "is_taskable": true
        }
    }, 
    {
        "pk": 165, 
        "model": "catalogue.sensortype", 
        "fields": {
            "abbreviation": "VNS", 
            "mission_sensor": 70, 
            "name": "Visual, Near Infrared, SWIR", 
            "operator_abbreviation": "VisNirSwir", 
            "is_taskable": true
        }
    }, 
    {
        "pk": 166, 
        "model": "catalogue.sensortype", 
        "fields": {
            "abbreviation": "TH", 
            "mission_sensor": 70, 
            "name": "Thermal Infrared", 
            "operator_abbreviation": "Thermal", 
            "is_taskable": true
        }
    }, 
    {
        "pk": 167, 
        "model": "catalogue.sensortype", 
        "fields": {
            "abbreviation": "VIT", 
            "mission_sensor": 70, 
            "name": "Visual, Near Infrared, Short Wave Infrared and Thermal", 
            "operator_abbreviation": "VisNirSwirTh", 
            "is_taskable": true
        }
    }, 
    {
        "pk": 168, 
        "model": "catalogue.sensortype", 
        "fields": {
            "abbreviation": "RNI", 
            "mission_sensor": 71, 
            "name": "Red Near Infrared", 
            "operator_abbreviation": "RedNir", 
            "is_taskable": true
        }
    }, 
    {
        "pk": 169, 
        "model": "catalogue.sensortype", 
        "fields": {
            "abbreviation": "VNS", 
            "mission_sensor": 71, 
            "name": "Visual, Near Infrared, SWIR", 
            "operator_abbreviation": "VisNirSwir", 
            "is_taskable": true
        }
    }, 
    {
        "pk": 170, 
        "model": "catalogue.sensortype", 
        "fields": {
            "abbreviation": "TH", 
            "mission_sensor": 71, 
            "name": "Thermal Infrared", 
            "operator_abbreviation": "Thermal", 
            "is_taskable": true
        }
    }, 
    {
        "pk": 171, 
        "model": "catalogue.sensortype", 
        "fields": {
            "abbreviation": "VIT", 
            "mission_sensor": 71, 
            "name": "Visual, Near Infrared, Short Wave Infrared and Thermal", 
            "operator_abbreviation": "VisNirSwirTh", 
            "is_taskable": true
        }
    }, 
    {
        "pk": 172, 
        "model": "catalogue.sensortype", 
        "fields": {
            "abbreviation": "PAN", 
            "mission_sensor": 72, 
            "name": "Panchromatic", 
            "operator_abbreviation": "PAN", 
            "is_taskable": true
        }
    }, 
    {
        "pk": 173, 
        "model": "catalogue.sensortype", 
        "fields": {
            "abbreviation": "VNI", 
            "mission_sensor": 73, 
            "name": "Visible Near Infrared", 
            "operator_abbreviation": "VNIR", 
            "is_taskable": true
        }
    }, 
    {
        "pk": 1, 
        "model": "catalogue.sensortype", 
        "fields": {
            "abbreviation": "AVHR", 
            "mission_sensor": 1, 
            "name": "Advanced Very High Resolution Radiometer", 
            "operator_abbreviation": "AVHR", 
            "is_taskable": true
        }
    }, 
    {
        "pk": 3, 
        "model": "catalogue.sensortype", 
        "fields": {
            "abbreviation": "MST", 
            "mission_sensor": 5, 
            "name": "Multispectral + Thermal", 
            "operator_abbreviation": "MST", 
            "is_taskable": true
        }
    }, 
    {
        "pk": 4, 
        "model": "catalogue.sensortype", 
        "fields": {
            "abbreviation": "CAM2", 
            "mission_sensor": 6, 
            "name": "Spot Camera 2", 
            "operator_abbreviation": "CAM2", 
            "is_taskable": true
        }
    }, 
    {
        "pk": 5, 
        "model": "catalogue.sensortype", 
        "fields": {
            "abbreviation": "CAM1", 
            "mission_sensor": 6, 
            "name": "Spot Camera 1", 
            "operator_abbreviation": "CAM1", 
            "is_taskable": true
        }
    }, 
    {
        "pk": 7, 
        "model": "catalogue.sensortype", 
        "fields": {
            "abbreviation": "MSS", 
            "mission_sensor": 14, 
            "name": "Multispectral", 
            "operator_abbreviation": "MSS", 
            "is_taskable": true
        }
    }, 
    {
        "pk": 8, 
        "model": "catalogue.sensortype", 
        "fields": {
            "abbreviation": "RT", 
            "mission_sensor": 15, 
            "name": "RT", 
            "operator_abbreviation": "RT", 
            "is_taskable": true
        }
    }, 
    {
        "pk": 2, 
        "model": "catalogue.acquisitionmode", 
        "fields": {
            "name": "Vertical Vertical Polarisation", 
            "geometric_resolution": 0, 
            "is_grayscale": false, 
            "band_count": 0, 
            "abbreviation": "VV", 
            "sensor_type": 2, 
            "operator_abbreviation": "VV"
        }
    }, 
    {
        "pk": 11, 
        "model": "catalogue.acquisitionmode", 
        "fields": {
            "name": "Forward Motion Compensation 4", 
            "geometric_resolution": 0, 
            "is_grayscale": false, 
            "band_count": 0, 
            "abbreviation": "FMC4", 
            "sensor_type": 6, 
            "operator_abbreviation": "FMC4"
        }
    }, 
    {
        "pk": 1, 
        "model": "catalogue.acquisitionmode", 
        "fields": {
            "name": "Multispectral", 
            "geometric_resolution": 0, 
            "is_grayscale": false, 
            "band_count": 0, 
            "abbreviation": "MS", 
            "sensor_type": 1, 
            "operator_abbreviation": "MS"
        }
    }, 
    {
        "pk": 3, 
        "model": "catalogue.acquisitionmode", 
        "fields": {
            "name": "Multispectral and Thermal", 
            "geometric_resolution": 0, 
            "is_grayscale": false, 
            "band_count": 0, 
            "abbreviation": "HRT", 
            "sensor_type": 3, 
            "operator_abbreviation": "HRT"
        }
    }, 
    {
        "pk": 4, 
        "model": "catalogue.acquisitionmode", 
        "fields": {
            "name": "X", 
            "geometric_resolution": 0, 
            "is_grayscale": false, 
            "band_count": 0, 
            "abbreviation": "X", 
            "sensor_type": 5, 
            "operator_abbreviation": "X"
        }
    }, 
    {
        "pk": 5, 
        "model": "catalogue.acquisitionmode", 
        "fields": {
            "name": "I", 
            "geometric_resolution": 0, 
            "is_grayscale": false, 
            "band_count": 0, 
            "abbreviation": "I", 
            "sensor_type": 5, 
            "operator_abbreviation": "I"
        }
    }, 
    {
        "pk": 6, 
        "model": "catalogue.acquisitionmode", 
        "fields": {
            "name": "M", 
            "geometric_resolution": 0, 
            "is_grayscale": false, 
            "band_count": 0, 
            "abbreviation": "M", 
            "sensor_type": 5, 
            "operator_abbreviation": "M"
        }
    }, 
    {
        "pk": 7, 
        "model": "catalogue.acquisitionmode", 
        "fields": {
            "name": "P", 
            "geometric_resolution": 0, 
            "is_grayscale": false, 
            "band_count": 0, 
            "abbreviation": "P", 
            "sensor_type": 5, 
            "operator_abbreviation": "P"
        }
    }, 
    {
        "pk": 8, 
        "model": "catalogue.acquisitionmode", 
        "fields": {
            "name": "Multispectral", 
            "geometric_resolution": 0, 
            "is_grayscale": false, 
            "band_count": 0, 
            "abbreviation": "J", 
            "sensor_type": 5, 
            "operator_abbreviation": "J"
        }
    }, 
    {
        "pk": 9, 
        "model": "catalogue.acquisitionmode", 
        "fields": {
            "name": "Panchromatic", 
            "geometric_resolution": 0, 
            "is_grayscale": false, 
            "band_count": 0, 
            "abbreviation": "B", 
            "sensor_type": 5, 
            "operator_abbreviation": "B"
        }
    }, 
    {
        "pk": 10, 
        "model": "catalogue.acquisitionmode", 
        "fields": {
            "name": "Panchromatic", 
            "geometric_resolution": 0, 
            "is_grayscale": false, 
            "band_count": 0, 
            "abbreviation": "A", 
            "sensor_type": 5, 
            "operator_abbreviation": "A"
        }
    }, 
    {
        "pk": 12, 
        "model": "catalogue.acquisitionmode", 
        "fields": {
            "name": "3BG", 
            "geometric_resolution": 0, 
            "is_grayscale": false, 
            "band_count": 0, 
            "abbreviation": "3BG", 
            "sensor_type": 7, 
            "operator_abbreviation": "3BG"
        }
    }, 
    {
        "pk": 13, 
        "model": "catalogue.acquisitionmode", 
        "fields": {
            "name": "5BF", 
            "geometric_resolution": 0, 
            "is_grayscale": false, 
            "band_count": 0, 
            "abbreviation": "5BF", 
            "sensor_type": 7, 
            "operator_abbreviation": "5BF"
        }
    }, 
    {
        "pk": 14, 
        "model": "catalogue.acquisitionmode", 
        "fields": {
            "name": "3BP", 
            "geometric_resolution": 0, 
            "is_grayscale": false, 
            "band_count": 0, 
            "abbreviation": "3BP", 
            "sensor_type": 7, 
            "operator_abbreviation": "3BP"
        }
    }, 
    {
        "pk": 15, 
        "model": "catalogue.acquisitionmode", 
        "fields": {
            "name": "HR", 
            "geometric_resolution": 0, 
            "is_grayscale": false, 
            "band_count": 0, 
            "abbreviation": "HR", 
            "sensor_type": 8, 
            "operator_abbreviation": "HR"
        }
    }, 
    {
        "pk": 16, 
        "model": "catalogue.acquisitionmode", 
        "fields": {
            "name": "Camera 1", 
            "geometric_resolution": 0, 
            "is_grayscale": false, 
            "band_count": 0, 
            "abbreviation": "S2C1", 
            "sensor_type": 28, 
            "operator_abbreviation": "S2C1"
        }
    }, 
    {
        "pk": 17, 
        "model": "catalogue.acquisitionmode", 
        "fields": {
            "name": "Camera 2", 
            "geometric_resolution": 0, 
            "is_grayscale": false, 
            "band_count": 0, 
            "abbreviation": "S2C2", 
            "sensor_type": 28, 
            "operator_abbreviation": "S2C2"
        }
    }, 
    {
        "pk": 18, 
        "model": "catalogue.acquisitionmode", 
        "fields": {
            "name": "Camera 1", 
            "geometric_resolution": 0, 
            "is_grayscale": false, 
            "band_count": 0, 
            "abbreviation": "S2C1", 
            "sensor_type": 29, 
            "operator_abbreviation": "S2C1"
        }
    }, 
    {
        "pk": 19, 
        "model": "catalogue.acquisitionmode", 
        "fields": {
            "name": "Camera 2", 
            "geometric_resolution": 0, 
            "is_grayscale": false, 
            "band_count": 0, 
            "abbreviation": "S2C2", 
            "sensor_type": 29, 
            "operator_abbreviation": "S2C2"
        }
    }, 
    {
        "pk": 20, 
        "model": "catalogue.acquisitionmode", 
        "fields": {
            "name": "Camera 1", 
            "geometric_resolution": 0, 
            "is_grayscale": false, 
            "band_count": 0, 
            "abbreviation": "S2C1", 
            "sensor_type": 30, 
            "operator_abbreviation": "S2C1"
        }
    }, 
    {
        "pk": 21, 
        "model": "catalogue.acquisitionmode", 
        "fields": {
            "name": "Camera 2", 
            "geometric_resolution": 0, 
            "is_grayscale": false, 
            "band_count": 0, 
            "abbreviation": "S2C2", 
            "sensor_type": 30, 
            "operator_abbreviation": "S2C2"
        }
    }, 
    {
        "pk": 22, 
        "model": "catalogue.acquisitionmode", 
        "fields": {
            "name": "Camera 1", 
            "geometric_resolution": 0, 
            "is_grayscale": false, 
            "band_count": 0, 
            "abbreviation": "S4C1", 
            "sensor_type": 34, 
            "operator_abbreviation": "S4C1"
        }
    }, 
    {
        "pk": 23, 
        "model": "catalogue.acquisitionmode", 
        "fields": {
            "name": "Camera 2", 
            "geometric_resolution": 0, 
            "is_grayscale": false, 
            "band_count": 0, 
            "abbreviation": "S4C2", 
            "sensor_type": 34, 
            "operator_abbreviation": "S4C2"
        }
    }, 
    {
        "pk": 24, 
        "model": "catalogue.acquisitionmode", 
        "fields": {
            "name": "Camera 1", 
            "geometric_resolution": 0, 
            "is_grayscale": false, 
            "band_count": 0, 
            "abbreviation": "S4C1", 
            "sensor_type": 35, 
            "operator_abbreviation": "S4C1"
        }
    }, 
    {
        "pk": 25, 
        "model": "catalogue.acquisitionmode", 
        "fields": {
            "name": "Camera 2", 
            "geometric_resolution": 0, 
            "is_grayscale": false, 
            "band_count": 0, 
            "abbreviation": "S4C2", 
            "sensor_type": 35, 
            "operator_abbreviation": "S4C2"
        }
    }, 
    {
        "pk": 26, 
        "model": "catalogue.acquisitionmode", 
        "fields": {
            "name": "Camera 1", 
            "geometric_resolution": 0, 
            "is_grayscale": false, 
            "band_count": 0, 
            "abbreviation": "S4C1", 
            "sensor_type": 36, 
            "operator_abbreviation": "S4C1"
        }
    }, 
    {
        "pk": 27, 
        "model": "catalogue.acquisitionmode", 
        "fields": {
            "name": "Camera 2", 
            "geometric_resolution": 0, 
            "is_grayscale": false, 
            "band_count": 0, 
            "abbreviation": "S4C2", 
            "sensor_type": 36, 
            "operator_abbreviation": "S4C2"
        }
    }, 
    {
        "pk": 28, 
        "model": "catalogue.acquisitionmode", 
        "fields": {
            "name": "Camera 1", 
            "geometric_resolution": 0, 
            "is_grayscale": false, 
            "band_count": 0, 
            "abbreviation": "S4C1", 
            "sensor_type": 37, 
            "operator_abbreviation": "S4C1"
        }
    }, 
    {
        "pk": 29, 
        "model": "catalogue.acquisitionmode", 
        "fields": {
            "name": "Camera 2", 
            "geometric_resolution": 0, 
            "is_grayscale": false, 
            "band_count": 0, 
            "abbreviation": "S4C2", 
            "sensor_type": 37, 
            "operator_abbreviation": "S4C2"
        }
    }, 
    {
        "pk": 30, 
        "model": "catalogue.acquisitionmode", 
        "fields": {
            "name": "Camera 1", 
            "geometric_resolution": 0, 
            "is_grayscale": false, 
            "band_count": 0, 
            "abbreviation": "S4C1", 
            "sensor_type": 38, 
            "operator_abbreviation": "S4C1"
        }
    }, 
    {
        "pk": 31, 
        "model": "catalogue.acquisitionmode", 
        "fields": {
            "name": "Camera 2", 
            "geometric_resolution": 0, 
            "is_grayscale": false, 
            "band_count": 0, 
            "abbreviation": "S4C2", 
            "sensor_type": 38, 
            "operator_abbreviation": "S4C2"
        }
    }, 
    {
        "pk": 32, 
        "model": "catalogue.acquisitionmode", 
        "fields": {
            "name": "Camera 1", 
            "geometric_resolution": 0, 
            "is_grayscale": false, 
            "band_count": 0, 
            "abbreviation": "S4C1", 
            "sensor_type": 39, 
            "operator_abbreviation": "S4C1"
        }
    }, 
    {
        "pk": 33, 
        "model": "catalogue.acquisitionmode", 
        "fields": {
            "name": "Camera 2", 
            "geometric_resolution": 0, 
            "is_grayscale": false, 
            "band_count": 0, 
            "abbreviation": "S4C2", 
            "sensor_type": 39, 
            "operator_abbreviation": "S4C2"
        }
    }, 
    {
        "pk": 34, 
        "model": "catalogue.acquisitionmode", 
        "fields": {
            "name": "Camera 1", 
            "geometric_resolution": 0, 
            "is_grayscale": false, 
            "band_count": 0, 
            "abbreviation": "S1C1", 
            "sensor_type": 25, 
            "operator_abbreviation": "S1C1"
        }
    }, 
    {
        "pk": 35, 
        "model": "catalogue.acquisitionmode", 
        "fields": {
            "name": "Camera 2", 
            "geometric_resolution": 0, 
            "is_grayscale": false, 
            "band_count": 0, 
            "abbreviation": "S1C2", 
            "sensor_type": 25, 
            "operator_abbreviation": "S1C2"
        }
    }, 
    {
        "pk": 36, 
        "model": "catalogue.acquisitionmode", 
        "fields": {
            "name": "Camera 1", 
            "geometric_resolution": 0, 
            "is_grayscale": false, 
            "band_count": 0, 
            "abbreviation": "S1C1", 
            "sensor_type": 26, 
            "operator_abbreviation": "S1C1"
        }
    }, 
    {
        "pk": 37, 
        "model": "catalogue.acquisitionmode", 
        "fields": {
            "name": "Camera 2", 
            "geometric_resolution": 0, 
            "is_grayscale": false, 
            "band_count": 0, 
            "abbreviation": "S1C2", 
            "sensor_type": 26, 
            "operator_abbreviation": "S1C2"
        }
    }, 
    {
        "pk": 38, 
        "model": "catalogue.acquisitionmode", 
        "fields": {
            "name": "Camera 1", 
            "geometric_resolution": 0, 
            "is_grayscale": false, 
            "band_count": 0, 
            "abbreviation": "S1C1", 
            "sensor_type": 27, 
            "operator_abbreviation": "S1C1"
        }
    }, 
    {
        "pk": 39, 
        "model": "catalogue.acquisitionmode", 
        "fields": {
            "name": "Camera 2", 
            "geometric_resolution": 0, 
            "is_grayscale": false, 
            "band_count": 0, 
            "abbreviation": "S1C2", 
            "sensor_type": 27, 
            "operator_abbreviation": "S1C2"
        }
    }, 
    {
        "pk": 40, 
        "model": "catalogue.acquisitionmode", 
        "fields": {
            "name": "Camera 1", 
            "geometric_resolution": 0, 
            "is_grayscale": false, 
            "band_count": 0, 
            "abbreviation": "S1C1", 
            "sensor_type": 4, 
            "operator_abbreviation": "S1C1"
        }
    }, 
    {
        "pk": 41, 
        "model": "catalogue.acquisitionmode", 
        "fields": {
            "name": "Camera 2", 
            "geometric_resolution": 0, 
            "is_grayscale": false, 
            "band_count": 0, 
            "abbreviation": "S1C2", 
            "sensor_type": 4, 
            "operator_abbreviation": "S1C2"
        }
    }, 
    {
        "pk": 42, 
        "model": "catalogue.acquisitionmode", 
        "fields": {
            "name": "Camera 1", 
            "geometric_resolution": 0, 
            "is_grayscale": false, 
            "band_count": 0, 
            "abbreviation": "S1C1", 
            "sensor_type": 5, 
            "operator_abbreviation": "S1C1"
        }
    }, 
    {
        "pk": 43, 
        "model": "catalogue.acquisitionmode", 
        "fields": {
            "name": "Camera 2", 
            "geometric_resolution": 0, 
            "is_grayscale": false, 
            "band_count": 0, 
            "abbreviation": "S1C2", 
            "sensor_type": 5, 
            "operator_abbreviation": "S1C2"
        }
    }, 
    {
        "pk": 44, 
        "model": "catalogue.acquisitionmode", 
        "fields": {
            "name": "Camera 1", 
            "geometric_resolution": 0, 
            "is_grayscale": false, 
            "band_count": 0, 
            "abbreviation": "S5C1", 
            "sensor_type": 40, 
            "operator_abbreviation": "S5C1"
        }
    }, 
    {
        "pk": 45, 
        "model": "catalogue.acquisitionmode", 
        "fields": {
            "name": "Camera 2", 
            "geometric_resolution": 0, 
            "is_grayscale": false, 
            "band_count": 0, 
            "abbreviation": "S5C2", 
            "sensor_type": 40, 
            "operator_abbreviation": "S5C2"
        }
    }, 
    {
        "pk": 46, 
        "model": "catalogue.acquisitionmode", 
        "fields": {
            "name": "Camera 1", 
            "geometric_resolution": 0, 
            "is_grayscale": false, 
            "band_count": 0, 
            "abbreviation": "S5C1", 
            "sensor_type": 41, 
            "operator_abbreviation": "S5C1"
        }
    }, 
    {
        "pk": 47, 
        "model": "catalogue.acquisitionmode", 
        "fields": {
            "name": "Camera 2", 
            "geometric_resolution": 0, 
            "is_grayscale": false, 
            "band_count": 0, 
            "abbreviation": "S5C2", 
            "sensor_type": 41, 
            "operator_abbreviation": "S5C2"
        }
    }, 
    {
        "pk": 48, 
        "model": "catalogue.acquisitionmode", 
        "fields": {
            "name": "Camera 1", 
            "geometric_resolution": 0, 
            "is_grayscale": false, 
            "band_count": 0, 
            "abbreviation": "S5C1", 
            "sensor_type": 42, 
            "operator_abbreviation": "S5C1"
        }
    }, 
    {
        "pk": 49, 
        "model": "catalogue.acquisitionmode", 
        "fields": {
            "name": "Camera 2", 
            "geometric_resolution": 0, 
            "is_grayscale": false, 
            "band_count": 0, 
            "abbreviation": "S5C2", 
            "sensor_type": 42, 
            "operator_abbreviation": "S5C2"
        }
    }, 
    {
        "pk": 50, 
        "model": "catalogue.acquisitionmode", 
        "fields": {
            "name": "Camera 1", 
            "geometric_resolution": 0, 
            "is_grayscale": false, 
            "band_count": 0, 
            "abbreviation": "S5C1", 
            "sensor_type": 43, 
            "operator_abbreviation": "S5C1"
        }
    }, 
    {
        "pk": 51, 
        "model": "catalogue.acquisitionmode", 
        "fields": {
            "name": "Camera 2", 
            "geometric_resolution": 0, 
            "is_grayscale": false, 
            "band_count": 0, 
            "abbreviation": "S5C2", 
            "sensor_type": 43, 
            "operator_abbreviation": "S5C2"
        }
    }, 
    {
        "pk": 52, 
        "model": "catalogue.acquisitionmode", 
        "fields": {
            "name": "Camera 1", 
            "geometric_resolution": 0, 
            "is_grayscale": false, 
            "band_count": 0, 
            "abbreviation": "S5C1", 
            "sensor_type": 44, 
            "operator_abbreviation": "S5C1"
        }
    }, 
    {
        "pk": 53, 
        "model": "catalogue.acquisitionmode", 
        "fields": {
            "name": "Camera 2", 
            "geometric_resolution": 0, 
            "is_grayscale": false, 
            "band_count": 0, 
            "abbreviation": "S5C2", 
            "sensor_type": 44, 
            "operator_abbreviation": "S5C2"
        }
    }, 
    {
        "pk": 54, 
        "model": "catalogue.acquisitionmode", 
        "fields": {
            "name": "Camera 1", 
            "geometric_resolution": 0, 
            "is_grayscale": false, 
            "band_count": 0, 
            "abbreviation": "S5C1", 
            "sensor_type": 45, 
            "operator_abbreviation": "S5C1"
        }
    }, 
    {
        "pk": 55, 
        "model": "catalogue.acquisitionmode", 
        "fields": {
            "name": "Camera 2", 
            "geometric_resolution": 0, 
            "is_grayscale": false, 
            "band_count": 0, 
            "abbreviation": "S5C2", 
            "sensor_type": 45, 
            "operator_abbreviation": "S5C2"
        }
    }, 
    {
        "pk": 56, 
        "model": "catalogue.acquisitionmode", 
        "fields": {
            "name": "Camera 1", 
            "geometric_resolution": 0, 
            "is_grayscale": false, 
            "band_count": 0, 
            "abbreviation": "S5C1", 
            "sensor_type": 46, 
            "operator_abbreviation": "S5C1"
        }
    }, 
    {
        "pk": 57, 
        "model": "catalogue.acquisitionmode", 
        "fields": {
            "name": "Camera 2", 
            "geometric_resolution": 0, 
            "is_grayscale": false, 
            "band_count": 0, 
            "abbreviation": "S5C2", 
            "sensor_type": 46, 
            "operator_abbreviation": "S5C2"
        }
    }, 
    {
        "pk": 58, 
        "model": "catalogue.acquisitionmode", 
        "fields": {
            "name": "Camera 1", 
            "geometric_resolution": 0, 
            "is_grayscale": false, 
            "band_count": 0, 
            "abbreviation": "S5C1", 
            "sensor_type": 47, 
            "operator_abbreviation": "S5C1"
        }
    }, 
    {
        "pk": 59, 
        "model": "catalogue.acquisitionmode", 
        "fields": {
            "name": "Camera 2", 
            "geometric_resolution": 0, 
            "is_grayscale": false, 
            "band_count": 0, 
            "abbreviation": "S5C2", 
            "sensor_type": 47, 
            "operator_abbreviation": "S5C2"
        }
    }, 
    {
        "pk": 60, 
        "model": "catalogue.acquisitionmode", 
        "fields": {
            "name": "Camera 1", 
            "geometric_resolution": 0, 
            "is_grayscale": false, 
            "band_count": 0, 
            "abbreviation": "S5C1", 
            "sensor_type": 48, 
            "operator_abbreviation": "S5C1"
        }
    }, 
    {
        "pk": 61, 
        "model": "catalogue.acquisitionmode", 
        "fields": {
            "name": "Camera 2", 
            "geometric_resolution": 0, 
            "is_grayscale": false, 
            "band_count": 0, 
            "abbreviation": "S5C2", 
            "sensor_type": 48, 
            "operator_abbreviation": "S5C2"
        }
    }, 
    {
        "pk": 62, 
        "model": "catalogue.acquisitionmode", 
        "fields": {
            "name": "Camera 1", 
            "geometric_resolution": 0, 
            "is_grayscale": false, 
            "band_count": 0, 
            "abbreviation": "S5C1", 
            "sensor_type": 49, 
            "operator_abbreviation": "S5C1"
        }
    }, 
    {
        "pk": 63, 
        "model": "catalogue.acquisitionmode", 
        "fields": {
            "name": "Camera 2", 
            "geometric_resolution": 0, 
            "is_grayscale": false, 
            "band_count": 0, 
            "abbreviation": "S5C2", 
            "sensor_type": 49, 
            "operator_abbreviation": "S5C2"
        }
    }, 
    {
        "pk": 64, 
        "model": "catalogue.acquisitionmode", 
        "fields": {
            "name": "Camera 1", 
            "geometric_resolution": 0, 
            "is_grayscale": false, 
            "band_count": 0, 
            "abbreviation": "S5C1", 
            "sensor_type": 50, 
            "operator_abbreviation": "S5C1"
        }
    }, 
    {
        "pk": 65, 
        "model": "catalogue.acquisitionmode", 
        "fields": {
            "name": "Camera 2", 
            "geometric_resolution": 0, 
            "is_grayscale": false, 
            "band_count": 0, 
            "abbreviation": "S5C2", 
            "sensor_type": 50, 
            "operator_abbreviation": "S5C2"
        }
    }, 
    {
        "pk": 66, 
        "model": "catalogue.acquisitionmode", 
        "fields": {
            "name": "Camera 1", 
            "geometric_resolution": 0, 
            "is_grayscale": false, 
            "band_count": 0, 
            "abbreviation": "S5C1", 
            "sensor_type": 51, 
            "operator_abbreviation": "S5C1"
        }
    }, 
    {
        "pk": 67, 
        "model": "catalogue.acquisitionmode", 
        "fields": {
            "name": "Camera 2", 
            "geometric_resolution": 0, 
            "is_grayscale": false, 
            "band_count": 0, 
            "abbreviation": "S5C2", 
            "sensor_type": 51, 
            "operator_abbreviation": "S5C2"
        }
    }, 
    {
        "pk": 68, 
        "model": "catalogue.acquisitionmode", 
        "fields": {
            "name": "Camera 1", 
            "geometric_resolution": 0, 
            "is_grayscale": false, 
            "band_count": 0, 
            "abbreviation": "S5C1", 
            "sensor_type": 52, 
            "operator_abbreviation": "S5C1"
        }
    }, 
    {
        "pk": 69, 
        "model": "catalogue.acquisitionmode", 
        "fields": {
            "name": "Camera 2", 
            "geometric_resolution": 0, 
            "is_grayscale": false, 
            "band_count": 0, 
            "abbreviation": "S5C2", 
            "sensor_type": 52, 
            "operator_abbreviation": "S5C2"
        }
    }, 
    {
        "pk": 70, 
        "model": "catalogue.acquisitionmode", 
        "fields": {
            "name": "Camera 1", 
            "geometric_resolution": 0, 
            "is_grayscale": false, 
            "band_count": 0, 
            "abbreviation": "S3C1", 
            "sensor_type": 31, 
            "operator_abbreviation": "S3C1"
        }
    }, 
    {
        "pk": 71, 
        "model": "catalogue.acquisitionmode", 
        "fields": {
            "name": "Camera 2", 
            "geometric_resolution": 0, 
            "is_grayscale": false, 
            "band_count": 0, 
            "abbreviation": "S3C2", 
            "sensor_type": 31, 
            "operator_abbreviation": "S3C2"
        }
    }, 
    {
        "pk": 72, 
        "model": "catalogue.acquisitionmode", 
        "fields": {
            "name": "Camera 1", 
            "geometric_resolution": 0, 
            "is_grayscale": false, 
            "band_count": 0, 
            "abbreviation": "S3C1", 
            "sensor_type": 32, 
            "operator_abbreviation": "S3C1"
        }
    }, 
    {
        "pk": 73, 
        "model": "catalogue.acquisitionmode", 
        "fields": {
            "name": "Camera 2", 
            "geometric_resolution": 0, 
            "is_grayscale": false, 
            "band_count": 0, 
            "abbreviation": "S3C2", 
            "sensor_type": 32, 
            "operator_abbreviation": "S3C2"
        }
    }, 
    {
        "pk": 74, 
        "model": "catalogue.acquisitionmode", 
        "fields": {
            "name": "Camera 1", 
            "geometric_resolution": 0, 
            "is_grayscale": false, 
            "band_count": 0, 
            "abbreviation": "S3C1", 
            "sensor_type": 33, 
            "operator_abbreviation": "S3C1"
        }
    }, 
    {
        "pk": 75, 
        "model": "catalogue.acquisitionmode", 
        "fields": {
            "name": "Camera 2", 
            "geometric_resolution": 0, 
            "is_grayscale": false, 
            "band_count": 0, 
            "abbreviation": "S3C2", 
            "sensor_type": 33, 
            "operator_abbreviation": "S3C2"
        }
    }, 
    {
        "pk": 1, 
        "model": "catalogue.processinglevel", 
        "fields": {
            "abbreviation": "2A", 
            "name": "Level 2A"
        }
    }, 
    {
        "pk": 2, 
        "model": "catalogue.processinglevel", 
        "fields": {
            "abbreviation": "1A", 
            "name": "Level 1A"
        }
    }, 
    {
        "pk": 3, 
        "model": "catalogue.processinglevel", 
        "fields": {
            "abbreviation": "1Ab", 
            "name": "Level 1Ab"
        }
    }, 
    {
        "pk": 4, 
        "model": "catalogue.processinglevel", 
        "fields": {
            "abbreviation": "1Aa", 
            "name": "Level 1Aa"
        }
    }, 
    {
        "pk": 12, 
        "model": "catalogue.processinglevel", 
        "fields": {
            "abbreviation": "3Aa", 
            "name": "Level 3Aa"
        }
    }, 
    {
        "pk": 13, 
        "model": "catalogue.processinglevel", 
        "fields": {
            "abbreviation": "3Ab", 
            "name": "Level 3Ab"
        }
    }, 
    {
        "pk": 14, 
        "model": "catalogue.processinglevel", 
        "fields": {
            "abbreviation": "3Ac", 
            "name": "Level 3Ac"
        }
    }, 
    {
        "pk": 15, 
        "model": "catalogue.processinglevel", 
        "fields": {
            "abbreviation": "3Ad", 
            "name": "Level 3Ad"
        }
    }, 
    {
        "pk": 16, 
        "model": "catalogue.processinglevel", 
        "fields": {
            "abbreviation": "3Ba", 
            "name": "Level 3Ba"
        }
    }, 
    {
        "pk": 17, 
        "model": "catalogue.processinglevel", 
        "fields": {
            "abbreviation": "3Bb", 
            "name": "Level 3Bb"
        }
    }, 
    {
        "pk": 18, 
        "model": "catalogue.processinglevel", 
        "fields": {
            "abbreviation": "4", 
            "name": "Level 4"
        }
    }, 
    {
        "pk": 19, 
        "model": "catalogue.processinglevel", 
        "fields": {
            "abbreviation": "L0", 
            "name": "Data products are unprocessed telemetry data as received from the observing platform excluding communication artifacts introduced by ground system.(Source www.ngdc.noaa.gov)"
        }
    }, 
    {
        "pk": 20, 
        "model": "catalogue.processinglevel", 
        "fields": {
            "abbreviation": "L1A", 
            "name": "Data products are telemetry data that have been extracted but not decommutated from level 0 and formatted into time-sequenced datasets for easier processing. Level 1a formats are NOAA's internal formats and are only used for NOAA processing. They only exi"
        }
    }, 
    {
        "pk": 21, 
        "model": "catalogue.processinglevel", 
        "fields": {
            "abbreviation": "L1B", 
            "name": "Data products are discrete, instrument-specific datasets derived from level 1a containing unprocessed data at full resolution, time-referenced, and annotated with ancillary information including data quality indicators, calibration coefficients and georef"
        }
    }, 
    {
        "pk": 22, 
        "model": "catalogue.processinglevel", 
        "fields": {
            "abbreviation": "L2", 
            "name": "Data products are derived geophysical variables at the same resolution and locations as the level 1 source data. (Source www.ngdc.noaa.gov)"
        }
    }, 
    {
        "pk": 23, 
        "model": "catalogue.processinglevel", 
        "fields": {
            "abbreviation": "L3", 
            "name": "Data products are mapped on uniform space-time grid scales, usually with some completeness and consistency. (Source www.ngdc.noaa.gov)"
        }
    }, 
    {
        "pk": 24, 
        "model": "catalogue.processinglevel", 
        "fields": {
            "abbreviation": "L4A", 
            "name": "Data products are model output or results from analysis of lower level data e.g.variables derived from multiple measurements. (Source www.ngdc.noaa.gov)"
        }
    }, 
    {
        "pk": 25, 
        "model": "catalogue.processinglevel", 
        "fields": {
            "abbreviation": "L1Aa", 
            "name": "Single Look Complex Image. This is pre-processed but retains the data in complex (i.e. phase-preserving) form. The product is single-look (no speckle reduction) and in slant range. Full frame (SLCI) format. (Source Eurimage)"
        }
    }, 
    {
        "pk": 26, 
        "model": "catalogue.processinglevel", 
        "fields": {
            "abbreviation": "L1Ab", 
            "name": "Single Look Complex Image. This is pre-processed but retains the data in complex (i.e. phase-preserving) form. The product is single-look (no speckle reduction) and in slant range. Quarter frame (SLCn) (Source Eurimage)"
        }
    }, 
    {
        "pk": 27, 
        "model": "catalogue.processinglevel", 
        "fields": {
            "abbreviation": "L2A", 
            "name": "Precision Image (PRI). This is the standard product for most imaging-radar applications. It is the first product from which radar backscatter can be derived for geophysical modelling. No correction is applied for terrain-induced radiometric effects, the i"
        }
    }, 
    {
        "pk": 28, 
        "model": "catalogue.processinglevel", 
        "fields": {
            "abbreviation": "L2B", 
            "name": "Ellipsoid Geocoded Image (GEC). This high level product precisely locates and rectifies the SAR image on a map projection. Radar backscatter can be derived for geophysical modelling. The scene measures 100 x 100 km and is rotated according to the map grid"
        }
    }, 
    {
        "pk": 29, 
        "model": "catalogue.processinglevel", 
        "fields": {
            "abbreviation": "L3A", 
            "name": "Orthorectified Image (ORTHO). This high level product precisely locates and rectifies the SAR image on a map projection. Radar backscatter can be derived for geophysical modelling. The scene measures 100 x 100 km and is rotated according to the map grid. "
        }
    }, 
    {
        "pk": 30, 
        "model": "catalogue.processinglevel", 
        "fields": {
            "abbreviation": "L4Ad", 
            "name": "Digital Surface Model (DSM). This is a interferrometrically derived Digital Surface Model."
        }
    }, 
    {
        "pk": 31, 
        "model": "catalogue.processinglevel", 
        "fields": {
            "abbreviation": "L0A", 
            "name": "Raw Computer Compatible Format. This is the raw format of data with no callibration parameters or definitive orbit information imbedded used to exchange data between ground receiving stations."
        }
    }, 
    {
        "pk": 32, 
        "model": "catalogue.processinglevel", 
        "fields": {
            "abbreviation": "L0Ra", 
            "name": "Imagery provided in acquisition strips with no Radiometric or Geometric corrections applied but containing Ancillary data to do the corrections. This is the archive processing level used by the USGS"
        }
    }, 
    {
        "pk": 33, 
        "model": "catalogue.processinglevel", 
        "fields": {
            "abbreviation": "L0Rp", 
            "name": "Imagery provided in WRS scenes with no Radiometric or Geometric corrections applied but containing Ancillary data to do the corrections. This is the processing level used to exchange data to institutions that have a Landsat Product Generation System"
        }
    }, 
    {
        "pk": 34, 
        "model": "catalogue.processinglevel", 
        "fields": {
            "abbreviation": "L2Aa", 
            "name": "Systematic Radio- and Geo-metric corrections applied. With poor positional accuracy due to the use of Predictive Ephemeris data and imagery orbit orientated."
        }
    }, 
    {
        "pk": 35, 
        "model": "catalogue.processinglevel", 
        "fields": {
            "abbreviation": "L2Ab", 
            "name": "Systematic Radio- and Geo-metric corrections applied. With poor positional accuracy due to the use of Predictive Ephemeris data and imagery North Up / Map orientated."
        }
    }, 
    {
        "pk": 36, 
        "model": "catalogue.processinglevel", 
        "fields": {
            "abbreviation": "L2Ba", 
            "name": "Systematic Radio- and Geo-metric corrections applied. With good positional accuracy due to the use of Definitive Ephemeris data and imagery orbit orientated."
        }
    }, 
    {
        "pk": 37, 
        "model": "catalogue.processinglevel", 
        "fields": {
            "abbreviation": "L2Bb", 
            "name": "Systematic Radio- and Geo-metric corrections applied. With poor good positional accuracy due to the use of Definitive Ephemeris data and imagery North Up / Map orientated."
        }
    }, 
    {
        "pk": 38, 
        "model": "catalogue.processinglevel", 
        "fields": {
            "abbreviation": "L3Aa", 
            "name": "Orthorectified imagery in 8Bit Digital Number (DN) values"
        }
    }, 
    {
        "pk": 39, 
        "model": "catalogue.processinglevel", 
        "fields": {
            "abbreviation": "L3Ab", 
            "name": "Orthorectified imagery in signed 16Bit values converted to Top of Atmosphere / At Sensor Reflectance scaled to 10 000"
        }
    }, 
    {
        "pk": 40, 
        "model": "catalogue.processinglevel", 
        "fields": {
            "abbreviation": "L3Ac", 
            "name": "Orthorectified imagery in signed 16Bit values converted to Top of Canopy / At Surface Reflectance scaled to 10 000 (this data is atmospherically corrected)"
        }
    }, 
    {
        "pk": 41, 
        "model": "catalogue.processinglevel", 
        "fields": {
            "abbreviation": "L3At", 
            "name": "Orthorectified imagery in signed 16Bit values converted to Top of Atmosphere / At Sensor Reflectance scaled to 10 000 and radiometrically corrected for terrain  (shadow and sunny slopes) applying a topographic normalisation / solar correction"
        }
    }, 
    {
        "pk": 42, 
        "model": "catalogue.processinglevel", 
        "fields": {
            "abbreviation": "L4Aa", 
            "name": "Thematic continuous ancillary data of relevance to an image"
        }
    }, 
    {
        "pk": 43, 
        "model": "catalogue.processinglevel", 
        "fields": {
            "abbreviation": "L4Ab", 
            "name": "Thematic continuous image derivatives consisting of Bare or build-up indices"
        }
    }, 
    {
        "pk": 44, 
        "model": "catalogue.processinglevel", 
        "fields": {
            "abbreviation": "L4Am", 
            "name": "Thematic continuous image derivatives consisting of Mathematical Transformations"
        }
    }, 
    {
        "pk": 45, 
        "model": "catalogue.processinglevel", 
        "fields": {
            "abbreviation": "L4As", 
            "name": "Thematic continuous image derivatives consisting of Statistical calculations"
        }
    }, 
    {
        "pk": 46, 
        "model": "catalogue.processinglevel", 
        "fields": {
            "abbreviation": "L4At", 
            "name": "Thematic continuous image derivatives consisting of Texture Parameters"
        }
    }, 
    {
        "pk": 47, 
        "model": "catalogue.processinglevel", 
        "fields": {
            "abbreviation": "L4Av", 
            "name": "Thematic continuous image derivatives consisting of Vegetation Indices"
        }
    }, 
    {
        "pk": 48, 
        "model": "catalogue.processinglevel", 
        "fields": {
            "abbreviation": "L4Aw", 
            "name": "Thematic continuous image derivatives consisting of Water and Moisture Indices"
        }
    }, 
    {
        "pk": 49, 
        "model": "catalogue.processinglevel", 
        "fields": {
            "abbreviation": "L4Ax", 
            "name": "Thematic continuous image derivatives consisting of Time-Series or Metrics"
        }
    }, 
    {
        "pk": 50, 
        "model": "catalogue.processinglevel", 
        "fields": {
            "abbreviation": "L4Af", 
            "name": "Thematic continuous image derivatives consisting of Spectral Rule Based Features including indices used for a Spectral Rule Based Classification"
        }
    }, 
    {
        "pk": 51, 
        "model": "catalogue.processinglevel", 
        "fields": {
            "abbreviation": "L4Br", 
            "name": "Thematic ordinal image derivatives as raster layer consisting of L1 Spectral Rule Based Layers used in a classification"
        }
    }, 
    {
        "pk": 52, 
        "model": "catalogue.processinglevel", 
        "fields": {
            "abbreviation": "L4Bc", 
            "name": "Thematic ordinal image derivatives as raster layer consisting of L2 Spectral Rule Based Layers used in a classification"
        }
    }, 
    {
        "pk": 53, 
        "model": "catalogue.processinglevel", 
        "fields": {
            "abbreviation": "L4B", 
            "name": "Thematic ordinal image derivatives as raster layer representing classes"
        }
    }, 
    {
        "pk": 54, 
        "model": "catalogue.processinglevel", 
        "fields": {
            "abbreviation": "L4C", 
            "name": "Thematic ordinal image derivatives as vector layer representing classes"
        }
    }, 
    {
        "pk": 55, 
        "model": "catalogue.processinglevel", 
        "fields": {
            "abbreviation": "L3Ad", 
            "name": "Orthorectified imagery in 8Bit Digital Number (DN) values. This is a three band true colour product with a reconstructed blue and green band."
        }
    }, 
    {
        "pk": 56, 
        "model": "catalogue.processinglevel", 
        "fields": {
            "abbreviation": "L3Ba", 
            "name": "Mosaic of orthorectified images"
        }
    }, 
    {
        "pk": 57, 
        "model": "catalogue.processinglevel", 
        "fields": {
            "abbreviation": "L3Bb", 
            "name": "Mosaic of orthorectified images in \u00bc degree tiles"
        }
    }, 
    {
        "pk": 58, 
        "model": "catalogue.processinglevel", 
        "fields": {
            "abbreviation": "L1P", 
            "name": "Ideal system corrected data in Orbit segment"
        }
    }, 
    {
        "pk": 59, 
        "model": "catalogue.processinglevel", 
        "fields": {
            "abbreviation": "L3DS", 
            "name": "Daily Synthesis in Geographic Zone"
        }
    }, 
    {
        "pk": 60, 
        "model": "catalogue.processinglevel", 
        "fields": {
            "abbreviation": "L3PS", 
            "name": "Period synthesis in Geographic Zone"
        }
    }, 
    {
        "pk": 61, 
        "model": "catalogue.processinglevel", 
        "fields": {
            "abbreviation": "L3P4", 
            "name": "Degraded resolution 4km in Geographical Zone"
        }
    }, 
    {
        "pk": 62, 
        "model": "catalogue.processinglevel", 
        "fields": {
            "abbreviation": "L3P8", 
            "name": "Degraded resolution 4km in Geographical Zone"
        }
    }, 
    {
        "pk": 63, 
        "model": "catalogue.processinglevel", 
        "fields": {
            "abbreviation": "L2Bc", 
            "name": "Geocoded Ellipsoid Corrected. Since the ellipsoid correction does not use height information from a Digital Elevation Model (DEM) for geometric correction, the pixel location accuracy varies depending on the local Terrain. Radiometrically Enhanced is opti"
        }
    }, 
    {
        "pk": 64, 
        "model": "catalogue.processinglevel", 
        "fields": {
            "abbreviation": "L2Bd", 
            "name": "Geocoded Ellipsoid Corrected. Since the ellipsoid correction does not use height information from a Digital Elevation Model (DEM) for geometric correction, the pixel location accuracy varies depending on the local Terrain. Radiometrically Enhanced is opti"
        }
    }, 
    {
        "pk": 65, 
        "model": "catalogue.processinglevel", 
        "fields": {
            "abbreviation": "L3Ae", 
            "name": "Orthorectified Image with a highly accurate DEM,  Spatially Enhanced with the highest possible square ground resolution"
        }
    }, 
    {
        "pk": 66, 
        "model": "catalogue.processinglevel", 
        "fields": {
            "abbreviation": "L3Af", 
            "name": "Orthorectified Image with a highly accurate DEM, Spatially Enhanced with the highest possible square ground resolution, Radiometrically Corrected"
        }
    }, 
    {
        "pk": 67, 
        "model": "catalogue.processinglevel", 
        "fields": {
            "abbreviation": "L3Ag", 
            "name": "Orthorectified Image with a highly accurate DEM, Radiometrically Enhanced is optimized with respect to radiometry to the detriment of resolution"
        }
    }, 
    {
        "pk": 68, 
        "model": "catalogue.processinglevel", 
        "fields": {
            "abbreviation": "L3Ah", 
            "name": "Orthorectified Image with a highly accurate DEM, Radiometrically Enhanced is optimized with respect to radiometry to the detriment of resolution, Radiometrically Normalised"
        }
    }, 
    {
        "pk": 69, 
        "model": "catalogue.processinglevel", 
        "fields": {
            "abbreviation": "L2Ac", 
            "name": "ScanSAR Narrow beam product"
        }
    }, 
    {
        "pk": 70, 
        "model": "catalogue.processinglevel", 
        "fields": {
            "abbreviation": "L2Ad", 
            "name": "ScanSAR Wide"
        }
    }, 
    {
        "pk": 71, 
        "model": "catalogue.processinglevel", 
        "fields": {
            "abbreviation": "L1Ba", 
            "name": "L1B AMSU-A radiances"
        }
    }, 
    {
        "pk": 72, 
        "model": "catalogue.processinglevel", 
        "fields": {
            "abbreviation": "L1Bb", 
            "name": "L1B HSB radiances"
        }
    }, 
    {
        "pk": 73, 
        "model": "catalogue.processinglevel", 
        "fields": {
            "abbreviation": "L1Bc", 
            "name": "L1B AIRS radiances"
        }
    }, 
    {
        "pk": 74, 
        "model": "catalogue.processinglevel", 
        "fields": {
            "abbreviation": "L1Bd", 
            "name": "L1B VIS radiances"
        }
    }, 
    {
        "pk": 75, 
        "model": "catalogue.processinglevel", 
        "fields": {
            "abbreviation": "L1Be", 
            "name": "L1B AIRS QA"
        }
    }, 
    {
        "pk": 76, 
        "model": "catalogue.processinglevel", 
        "fields": {
            "abbreviation": "L1Bf", 
            "name": "L1B VIS QA"
        }
    }, 
    {
        "pk": 77, 
        "model": "catalogue.processinglevel", 
        "fields": {
            "abbreviation": "L3A8", 
            "name": "L3 8-day standard product. AIRS Level 3 products are a direct representation of the lower level datasets; the underlying geophysical values are retained in Level 3. In addition, counts and standard deviations are carried forth in the AIRS Level 3 products"
        }
    }, 
    {
        "pk": 78, 
        "model": "catalogue.processinglevel", 
        "fields": {
            "abbreviation": "L3Am", 
            "name": "L3 monthly standard product. AIRS Level 3 products are a direct representation of the lower level datasets; the underlying geophysical values are retained in Level 3. In addition, counts and standard deviations are carried forth in the AIRS Level 3 produc"
        }
    }, 
    {
        "pk": 79, 
        "model": "catalogue.processinglevel", 
        "fields": {
            "abbreviation": "09A1", 
            "name": "Surface Reflectance Bands 1\u20137 Tile 500m 8 Day composite"
        }
    }, 
    {
        "pk": 80, 
        "model": "catalogue.processinglevel", 
        "fields": {
            "abbreviation": "09CM", 
            "name": "Surface Reflectance Bands 1\u20137 CMG 5600m Daily"
        }
    }, 
    {
        "pk": 81, 
        "model": "catalogue.processinglevel", 
        "fields": {
            "abbreviation": "09GA", 
            "name": "Surface Reflectance Bands 1\u20137 Tile 500/1000m Daily"
        }
    }, 
    {
        "pk": 82, 
        "model": "catalogue.processinglevel", 
        "fields": {
            "abbreviation": "09GQ", 
            "name": "Surface Reflectance Bands 1\u20132 Tile 250m Daily"
        }
    }, 
    {
        "pk": 83, 
        "model": "catalogue.processinglevel", 
        "fields": {
            "abbreviation": "09Q1", 
            "name": "Surface Reflectance Bands 1\u20132 Tile 250m 8 Day"
        }
    }, 
    {
        "pk": 84, 
        "model": "catalogue.processinglevel", 
        "fields": {
            "abbreviation": "11L2", 
            "name": "Land Surface Temperature & Emissivity Swath 1000m 5 Min"
        }
    }, 
    {
        "pk": 85, 
        "model": "catalogue.processinglevel", 
        "fields": {
            "abbreviation": "11A1", 
            "name": "Land Surface Temperature & Emissivity Tile 1000m Daily"
        }
    }, 
    {
        "pk": 86, 
        "model": "catalogue.processinglevel", 
        "fields": {
            "abbreviation": "11A2", 
            "name": "Land Surface Temperature & Emissivity Tile 1000m 8 Day"
        }
    }, 
    {
        "pk": 87, 
        "model": "catalogue.processinglevel", 
        "fields": {
            "abbreviation": "11B1", 
            "name": "Land Surface Temperature & Emissivity Tile 6000m Daily"
        }
    }, 
    {
        "pk": 88, 
        "model": "catalogue.processinglevel", 
        "fields": {
            "abbreviation": "11C1", 
            "name": "Land Surface Temperature & Emissivity CMG 5600m Daily"
        }
    }, 
    {
        "pk": 89, 
        "model": "catalogue.processinglevel", 
        "fields": {
            "abbreviation": "11C2", 
            "name": "Land Surface Temperature & Emissivity CMG 5600m 8 Day"
        }
    }, 
    {
        "pk": 90, 
        "model": "catalogue.processinglevel", 
        "fields": {
            "abbreviation": "11C3", 
            "name": "Land Surface Temperature & Emissivity CMG 5600m Monthly"
        }
    }, 
    {
        "pk": 91, 
        "model": "catalogue.processinglevel", 
        "fields": {
            "abbreviation": "13A1", 
            "name": "Vegetation Indices Tile 500m 16 Day"
        }
    }, 
    {
        "pk": 92, 
        "model": "catalogue.processinglevel", 
        "fields": {
            "abbreviation": "13A2", 
            "name": "Vegetation Indices Tile 1000m 16 Day"
        }
    }, 
    {
        "pk": 93, 
        "model": "catalogue.processinglevel", 
        "fields": {
            "abbreviation": "13A3", 
            "name": "Vegetation Indices Tile 1000m Monthly"
        }
    }, 
    {
        "pk": 94, 
        "model": "catalogue.processinglevel", 
        "fields": {
            "abbreviation": "13C1", 
            "name": "Vegetation Indices CMG 5600 m16 Day"
        }
    }, 
    {
        "pk": 95, 
        "model": "catalogue.processinglevel", 
        "fields": {
            "abbreviation": "13C2", 
            "name": "Vegetation Indices CMG 5600m Monthly"
        }
    }, 
    {
        "pk": 96, 
        "model": "catalogue.processinglevel", 
        "fields": {
            "abbreviation": "13Q1", 
            "name": "Vegetation Indices Tile 250m 16 Day"
        }
    }, 
    {
        "pk": 97, 
        "model": "catalogue.processinglevel", 
        "fields": {
            "abbreviation": "14", 
            "name": "Thermal Anomalies & Fire Swath 1000m 5 Min"
        }
    }, 
    {
        "pk": 98, 
        "model": "catalogue.processinglevel", 
        "fields": {
            "abbreviation": "14A1", 
            "name": "Thermal Anomalies & Fire Tile 1000m Daily"
        }
    }, 
    {
        "pk": 99, 
        "model": "catalogue.processinglevel", 
        "fields": {
            "abbreviation": "14A2", 
            "name": "Thermal Anomalies & Fire Tile 1000m 8 Day"
        }
    }, 
    {
        "pk": 100, 
        "model": "catalogue.processinglevel", 
        "fields": {
            "abbreviation": "15A2", 
            "name": "Leaf Area Index \u2013 FPAR Tile 1000m 8 Day"
        }
    }, 
    {
        "pk": 101, 
        "model": "catalogue.processinglevel", 
        "fields": {
            "abbreviation": "17A2", 
            "name": "Gross Primary Productivity Tile 1000m 8 Day"
        }
    }, 
    {
        "pk": 102, 
        "model": "catalogue.processinglevel", 
        "fields": {
            "abbreviation": "206V", 
            "name": "Decorrelation stretch -VNIR"
        }
    }, 
    {
        "pk": 103, 
        "model": "catalogue.processinglevel", 
        "fields": {
            "abbreviation": "206S", 
            "name": "Decorrelation stretch -SWIR"
        }
    }, 
    {
        "pk": 104, 
        "model": "catalogue.processinglevel", 
        "fields": {
            "abbreviation": "206T", 
            "name": "Decorrelation stretch -TIR"
        }
    }, 
    {
        "pk": 105, 
        "model": "catalogue.processinglevel", 
        "fields": {
            "abbreviation": "204", 
            "name": "Brightness temperature"
        }
    }, 
    {
        "pk": 106, 
        "model": "catalogue.processinglevel", 
        "fields": {
            "abbreviation": "207", 
            "name": "Surface reflectance VNIR,SWIR"
        }
    }, 
    {
        "pk": 107, 
        "model": "catalogue.processinglevel", 
        "fields": {
            "abbreviation": "209", 
            "name": "Surface radiance -VNIR, SWIR"
        }
    }, 
    {
        "pk": 108, 
        "model": "catalogue.processinglevel", 
        "fields": {
            "abbreviation": "209T", 
            "name": "Surface radiance -TIR"
        }
    }, 
    {
        "pk": 109, 
        "model": "catalogue.processinglevel", 
        "fields": {
            "abbreviation": "205", 
            "name": "Surface emissivity"
        }
    }, 
    {
        "pk": 110, 
        "model": "catalogue.processinglevel", 
        "fields": {
            "abbreviation": "208", 
            "name": "Surface kinetic temperature"
        }
    }, 
    {
        "pk": 111, 
        "model": "catalogue.processinglevel", 
        "fields": {
            "abbreviation": "1CAL", 
            "name": "L1A Calibration Experiment Data"
        }
    }, 
    {
        "pk": 112, 
        "model": "catalogue.processinglevel", 
        "fields": {
            "abbreviation": "1NAV", 
            "name": "L1A Raw Orbit Navigation Data"
        }
    }, 
    {
        "pk": 113, 
        "model": "catalogue.processinglevel", 
        "fields": {
            "abbreviation": "1ENG", 
            "name": "L1A Engineering Data"
        }
    }, 
    {
        "pk": 114, 
        "model": "catalogue.processinglevel", 
        "fields": {
            "abbreviation": "1OBC", 
            "name": "L1A On-Board Calibrator Data"
        }
    }, 
    {
        "pk": 115, 
        "model": "catalogue.processinglevel", 
        "fields": {
            "abbreviation": "1MTR", 
            "name": "L1A Motor Currents"
        }
    }, 
    {
        "pk": 116, 
        "model": "catalogue.processinglevel", 
        "fields": {
            "abbreviation": "1SCI", 
            "name": "L1A Instrument Data Numbers"
        }
    }, 
    {
        "pk": 117, 
        "model": "catalogue.processinglevel", 
        "fields": {
            "abbreviation": "1RP", 
            "name": "L1B1 Radiances"
        }
    }, 
    {
        "pk": 118, 
        "model": "catalogue.processinglevel", 
        "fields": {
            "abbreviation": "2ELL", 
            "name": "L1B2 Ellipsoid-Projected Radiances"
        }
    }, 
    {
        "pk": 119, 
        "model": "catalogue.processinglevel", 
        "fields": {
            "abbreviation": "RCCM", 
            "name": "L2 Camera-by-Camera Cloud Mask"
        }
    }, 
    {
        "pk": 120, 
        "model": "catalogue.processinglevel", 
        "fields": {
            "abbreviation": "ALBD", 
            "name": "L2 Cloud Albedos"
        }
    }, 
    {
        "pk": 121, 
        "model": "catalogue.processinglevel", 
        "fields": {
            "abbreviation": "CCLS", 
            "name": "L2 Cloud Classifiers"
        }
    }, 
    {
        "pk": 122, 
        "model": "catalogue.processinglevel", 
        "fields": {
            "abbreviation": "STER", 
            "name": "L2 Stereo Heights/Winds"
        }
    }, 
    {
        "pk": 123, 
        "model": "catalogue.processinglevel", 
        "fields": {
            "abbreviation": "LAND", 
            "name": "L2 Land Surface Retrievals"
        }
    }, 
    {
        "pk": 124, 
        "model": "catalogue.processinglevel", 
        "fields": {
            "abbreviation": "ARSL", 
            "name": "L2 Aerosol Retrievals"
        }
    }, 
    {
        "pk": 125, 
        "model": "catalogue.processinglevel", 
        "fields": {
            "abbreviation": "4CMV", 
            "name": "L3 Cloud Motion Vector Product"
        }
    }, 
    {
        "pk": 126, 
        "model": "catalogue.processinglevel", 
        "fields": {
            "abbreviation": "CfbA", 
            "name": "L3 Cloud Fraction by Altitude Product"
        }
    }, 
    {
        "pk": 127, 
        "model": "catalogue.processinglevel", 
        "fields": {
            "abbreviation": "CGLS", 
            "name": "L3 Component Global Land/Surface Product"
        }
    }, 
    {
        "pk": 128, 
        "model": "catalogue.processinglevel", 
        "fields": {
            "abbreviation": "CGAS", 
            "name": "L3 Component Global Aerosol Product"
        }
    }, 
    {
        "pk": 129, 
        "model": "catalogue.processinglevel", 
        "fields": {
            "abbreviation": "CGCL", 
            "name": "L3 Component Gloabl Cloud Product"
        }
    }, 
    {
        "pk": 130, 
        "model": "catalogue.processinglevel", 
        "fields": {
            "abbreviation": "CGAL", 
            "name": "L3 Component Global Albedo Product"
        }
    }, 
    {
        "pk": 131, 
        "model": "catalogue.processinglevel", 
        "fields": {
            "abbreviation": "CGGR", 
            "name": "L3 Component Global Georectified Product"
        }
    }, 
    {
        "pk": 132, 
        "model": "catalogue.processinglevel", 
        "fields": {
            "abbreviation": "12C1", 
            "name": "Land Cover Type CMG 5600m Yearly"
        }
    }, 
    {
        "pk": 133, 
        "model": "catalogue.processinglevel", 
        "fields": {
            "abbreviation": "12Q1", 
            "name": "Land Cover Type Tile 1000m Yearly"
        }
    }, 
    {
        "pk": 134, 
        "model": "catalogue.processinglevel", 
        "fields": {
            "abbreviation": "12Q2", 
            "name": "Land Cover Dynamics Tile 1000m Yearly"
        }
    }, 
    {
        "pk": 135, 
        "model": "catalogue.processinglevel", 
        "fields": {
            "abbreviation": "44B", 
            "name": "Vegetation Continious Fields Tile 500m Yearly"
        }
    }, 
    {
        "pk": 136, 
        "model": "catalogue.processinglevel", 
        "fields": {
            "abbreviation": "44W", 
            "name": "Land Water Mask Derived Tile 250m"
        }
    }, 
    {
        "pk": 137, 
        "model": "catalogue.processinglevel", 
        "fields": {
            "abbreviation": "45A1", 
            "name": "Burned Area Tile 500m"
        }
    }, 
    {
        "pk": 138, 
        "model": "catalogue.processinglevel", 
        "fields": {
            "abbreviation": "43A1", 
            "name": "BRDF-Albedo Model Parameters Tile 500m 16 Day"
        }
    }, 
    {
        "pk": 139, 
        "model": "catalogue.processinglevel", 
        "fields": {
            "abbreviation": "43A2", 
            "name": "BRDF-Albedo Quality Tile 500m 16 Day"
        }
    }, 
    {
        "pk": 140, 
        "model": "catalogue.processinglevel", 
        "fields": {
            "abbreviation": "43A3", 
            "name": "Albedo Tile 500m 16 Day"
        }
    }, 
    {
        "pk": 141, 
        "model": "catalogue.processinglevel", 
        "fields": {
            "abbreviation": "43A4", 
            "name": "Nadir BRDF-Adjusted Reflectance Tile 500m 16 Day"
        }
    }, 
    {
        "pk": 142, 
        "model": "catalogue.processinglevel", 
        "fields": {
            "abbreviation": "43B1", 
            "name": "BRDF-Albedo Model Parameters Tile 1000m 16 Day"
        }
    }, 
    {
        "pk": 143, 
        "model": "catalogue.processinglevel", 
        "fields": {
            "abbreviation": "43B2", 
            "name": "BRDF-Albedo Quality Tile 1000m 16 Day"
        }
    }, 
    {
        "pk": 144, 
        "model": "catalogue.processinglevel", 
        "fields": {
            "abbreviation": "43B3", 
            "name": "Albedo Tile 1000m 16 Day"
        }
    }, 
    {
        "pk": 145, 
        "model": "catalogue.processinglevel", 
        "fields": {
            "abbreviation": "43B4", 
            "name": "Nadir BRDF-Adjusted Reflectance Tile 1000m 16 Day"
        }
    }, 
    {
        "pk": 146, 
        "model": "catalogue.processinglevel", 
        "fields": {
            "abbreviation": "43C1", 
            "name": "BRDF-Albedo Model Parameters CMG 5600m 16 Day"
        }
    }, 
    {
        "pk": 147, 
        "model": "catalogue.processinglevel", 
        "fields": {
            "abbreviation": "43C2", 
            "name": "BRDF-Albedo Snow-free Quality CMG 5600m 16 Day"
        }
    }, 
    {
        "pk": 148, 
        "model": "catalogue.processinglevel", 
        "fields": {
            "abbreviation": "43C3", 
            "name": "Albedo CMG 5600m 16 Day"
        }
    }, 
    {
        "pk": 149, 
        "model": "catalogue.processinglevel", 
        "fields": {
            "abbreviation": "43C4", 
            "name": "Nadir BRDF-Adjusted Reflectance CMG 5600m 16 Day"
        }
    }, 
    {
        "pk": 150, 
        "model": "catalogue.processinglevel", 
        "fields": {
            "abbreviation": "1B", 
            "name": "Level 1B"
        }
    }, 
    {
        "pk": 94, 
        "model": "catalogue.projection", 
        "fields": {
            "name": "ORBIT", 
            "epsg_code": 0
        }
    }, 
    {
        "pk": 86, 
        "model": "catalogue.projection", 
        "fields": {
            "name": "Geographic WGS84", 
            "epsg_code": 4326
        }
    }, 
    {
        "pk": 83, 
        "model": "catalogue.projection", 
        "fields": {
            "name": "UTM04N", 
            "epsg_code": 32604
        }
    }, 
    {
        "pk": 82, 
        "model": "catalogue.projection", 
        "fields": {
            "name": "UTM08N", 
            "epsg_code": 32608
        }
    }, 
    {
        "pk": 14, 
        "model": "catalogue.projection", 
        "fields": {
            "name": "UTM09N", 
            "epsg_code": 32609
        }
    }, 
    {
        "pk": 68, 
        "model": "catalogue.projection", 
        "fields": {
            "name": "UTM10N", 
            "epsg_code": 32610
        }
    }, 
    {
        "pk": 77, 
        "model": "catalogue.projection", 
        "fields": {
            "name": "UTM11N", 
            "epsg_code": 32611
        }
    }, 
    {
        "pk": 61, 
        "model": "catalogue.projection", 
        "fields": {
            "name": "UTM12N", 
            "epsg_code": 32612
        }
    }, 
    {
        "pk": 40, 
        "model": "catalogue.projection", 
        "fields": {
            "name": "UTM13N", 
            "epsg_code": 32613
        }
    }, 
    {
        "pk": 41, 
        "model": "catalogue.projection", 
        "fields": {
            "name": "UTM14N", 
            "epsg_code": 32614
        }
    }, 
    {
        "pk": 31, 
        "model": "catalogue.projection", 
        "fields": {
            "name": "UTM15N", 
            "epsg_code": 32615
        }
    }, 
    {
        "pk": 65, 
        "model": "catalogue.projection", 
        "fields": {
            "name": "UTM16N", 
            "epsg_code": 32616
        }
    }, 
    {
        "pk": 42, 
        "model": "catalogue.projection", 
        "fields": {
            "name": "UTM17N", 
            "epsg_code": 32617
        }
    }, 
    {
        "pk": 70, 
        "model": "catalogue.projection", 
        "fields": {
            "name": "UTM18N", 
            "epsg_code": 32618
        }
    }, 
    {
        "pk": 17, 
        "model": "catalogue.projection", 
        "fields": {
            "name": "UTM19N", 
            "epsg_code": 32619
        }
    }, 
    {
        "pk": 69, 
        "model": "catalogue.projection", 
        "fields": {
            "name": "UTM20N", 
            "epsg_code": 32620
        }
    }, 
    {
        "pk": 22, 
        "model": "catalogue.projection", 
        "fields": {
            "name": "UTM21N", 
            "epsg_code": 32621
        }
    }, 
    {
        "pk": 47, 
        "model": "catalogue.projection", 
        "fields": {
            "name": "UTM22N", 
            "epsg_code": 32622
        }
    }, 
    {
        "pk": 33, 
        "model": "catalogue.projection", 
        "fields": {
            "name": "UTM23N", 
            "epsg_code": 32623
        }
    }, 
    {
        "pk": 46, 
        "model": "catalogue.projection", 
        "fields": {
            "name": "UTM24N", 
            "epsg_code": 32624
        }
    }, 
    {
        "pk": 45, 
        "model": "catalogue.projection", 
        "fields": {
            "name": "UTM25N", 
            "epsg_code": 32625
        }
    }, 
    {
        "pk": 44, 
        "model": "catalogue.projection", 
        "fields": {
            "name": "UTM26N", 
            "epsg_code": 32626
        }
    }, 
    {
        "pk": 11, 
        "model": "catalogue.projection", 
        "fields": {
            "name": "UTM27N", 
            "epsg_code": 32627
        }
    }, 
    {
        "pk": 24, 
        "model": "catalogue.projection", 
        "fields": {
            "name": "UTM28N", 
            "epsg_code": 32628
        }
    }, 
    {
        "pk": 7, 
        "model": "catalogue.projection", 
        "fields": {
            "name": "UTM29N", 
            "epsg_code": 32629
        }
    }, 
    {
        "pk": 16, 
        "model": "catalogue.projection", 
        "fields": {
            "name": "UTM30N", 
            "epsg_code": 32630
        }
    }, 
    {
        "pk": 30, 
        "model": "catalogue.projection", 
        "fields": {
            "name": "UTM31N", 
            "epsg_code": 32631
        }
    }, 
    {
        "pk": 38, 
        "model": "catalogue.projection", 
        "fields": {
            "name": "UTM32N", 
            "epsg_code": 32632
        }
    }, 
    {
        "pk": 23, 
        "model": "catalogue.projection", 
        "fields": {
            "name": "UTM33N", 
            "epsg_code": 32633
        }
    }, 
    {
        "pk": 25, 
        "model": "catalogue.projection", 
        "fields": {
            "name": "UTM34N", 
            "epsg_code": 32634
        }
    }, 
    {
        "pk": 34, 
        "model": "catalogue.projection", 
        "fields": {
            "name": "UTM35N", 
            "epsg_code": 32635
        }
    }, 
    {
        "pk": 35, 
        "model": "catalogue.projection", 
        "fields": {
            "name": "UTM36N", 
            "epsg_code": 32636
        }
    }, 
    {
        "pk": 29, 
        "model": "catalogue.projection", 
        "fields": {
            "name": "UTM37N", 
            "epsg_code": 32637
        }
    }, 
    {
        "pk": 13, 
        "model": "catalogue.projection", 
        "fields": {
            "name": "UTM38N", 
            "epsg_code": 32638
        }
    }, 
    {
        "pk": 55, 
        "model": "catalogue.projection", 
        "fields": {
            "name": "UTM39N", 
            "epsg_code": 32639
        }
    }, 
    {
        "pk": 54, 
        "model": "catalogue.projection", 
        "fields": {
            "name": "UTM40N", 
            "epsg_code": 32640
        }
    }, 
    {
        "pk": 63, 
        "model": "catalogue.projection", 
        "fields": {
            "name": "UTM41N", 
            "epsg_code": 32641
        }
    }, 
    {
        "pk": 67, 
        "model": "catalogue.projection", 
        "fields": {
            "name": "UTM42N", 
            "epsg_code": 32642
        }
    }, 
    {
        "pk": 15, 
        "model": "catalogue.projection", 
        "fields": {
            "name": "UTM43N", 
            "epsg_code": 32643
        }
    }, 
    {
        "pk": 59, 
        "model": "catalogue.projection", 
        "fields": {
            "name": "UTM44N", 
            "epsg_code": 32644
        }
    }, 
    {
        "pk": 73, 
        "model": "catalogue.projection", 
        "fields": {
            "name": "UTM45N", 
            "epsg_code": 32645
        }
    }, 
    {
        "pk": 66, 
        "model": "catalogue.projection", 
        "fields": {
            "name": "UTM46N", 
            "epsg_code": 32646
        }
    }, 
    {
        "pk": 75, 
        "model": "catalogue.projection", 
        "fields": {
            "name": "UTM47N", 
            "epsg_code": 32647
        }
    }, 
    {
        "pk": 57, 
        "model": "catalogue.projection", 
        "fields": {
            "name": "UTM48N", 
            "epsg_code": 32648
        }
    }, 
    {
        "pk": 49, 
        "model": "catalogue.projection", 
        "fields": {
            "name": "UTM49N", 
            "epsg_code": 32649
        }
    }, 
    {
        "pk": 74, 
        "model": "catalogue.projection", 
        "fields": {
            "name": "UTM50N", 
            "epsg_code": 32650
        }
    }, 
    {
        "pk": 78, 
        "model": "catalogue.projection", 
        "fields": {
            "name": "UTM51N", 
            "epsg_code": 32651
        }
    }, 
    {
        "pk": 64, 
        "model": "catalogue.projection", 
        "fields": {
            "name": "UTM52N", 
            "epsg_code": 32652
        }
    }, 
    {
        "pk": 80, 
        "model": "catalogue.projection", 
        "fields": {
            "name": "UTM53N", 
            "epsg_code": 32653
        }
    }, 
    {
        "pk": 39, 
        "model": "catalogue.projection", 
        "fields": {
            "name": "UTM54N", 
            "epsg_code": 32654
        }
    }, 
    {
        "pk": 81, 
        "model": "catalogue.projection", 
        "fields": {
            "name": "UTM57N", 
            "epsg_code": 32657
        }
    }, 
    {
        "pk": 51, 
        "model": "catalogue.projection", 
        "fields": {
            "name": "UTM17S", 
            "epsg_code": 32717
        }
    }, 
    {
        "pk": 50, 
        "model": "catalogue.projection", 
        "fields": {
            "name": "UTM18S", 
            "epsg_code": 32718
        }
    }, 
    {
        "pk": 43, 
        "model": "catalogue.projection", 
        "fields": {
            "name": "UTM19S", 
            "epsg_code": 32719
        }
    }, 
    {
        "pk": 72, 
        "model": "catalogue.projection", 
        "fields": {
            "name": "UTM20S", 
            "epsg_code": 32720
        }
    }, 
    {
        "pk": 79, 
        "model": "catalogue.projection", 
        "fields": {
            "name": "UTM21S", 
            "epsg_code": 32721
        }
    }, 
    {
        "pk": 76, 
        "model": "catalogue.projection", 
        "fields": {
            "name": "UTM22S", 
            "epsg_code": 32722
        }
    }, 
    {
        "pk": 56, 
        "model": "catalogue.projection", 
        "fields": {
            "name": "UTM23S", 
            "epsg_code": 32723
        }
    }, 
    {
        "pk": 20, 
        "model": "catalogue.projection", 
        "fields": {
            "name": "UTM24S", 
            "epsg_code": 32724
        }
    }, 
    {
        "pk": 28, 
        "model": "catalogue.projection", 
        "fields": {
            "name": "UTM27S", 
            "epsg_code": 32727
        }
    }, 
    {
        "pk": 19, 
        "model": "catalogue.projection", 
        "fields": {
            "name": "UTM28S", 
            "epsg_code": 32728
        }
    }, 
    {
        "pk": 21, 
        "model": "catalogue.projection", 
        "fields": {
            "name": "UTM29S", 
            "epsg_code": 32729
        }
    }, 
    {
        "pk": 26, 
        "model": "catalogue.projection", 
        "fields": {
            "name": "UTM30S", 
            "epsg_code": 32730
        }
    }, 
    {
        "pk": 8, 
        "model": "catalogue.projection", 
        "fields": {
            "name": "UTM31S", 
            "epsg_code": 32731
        }
    }, 
    {
        "pk": 5, 
        "model": "catalogue.projection", 
        "fields": {
            "name": "UTM32S", 
            "epsg_code": 32732
        }
    }, 
    {
        "pk": 2, 
        "model": "catalogue.projection", 
        "fields": {
            "name": "UTM33S", 
            "epsg_code": 32733
        }
    }, 
    {
        "pk": 4, 
        "model": "catalogue.projection", 
        "fields": {
            "name": "UTM34S", 
            "epsg_code": 32734
        }
    }, 
    {
        "pk": 6, 
        "model": "catalogue.projection", 
        "fields": {
            "name": "UTM35S", 
            "epsg_code": 32735
        }
    }, 
    {
        "pk": 9, 
        "model": "catalogue.projection", 
        "fields": {
            "name": "UTM36S", 
            "epsg_code": 32736
        }
    }, 
    {
        "pk": 1, 
        "model": "catalogue.projection", 
        "fields": {
            "name": "UTM37S", 
            "epsg_code": 32737
        }
    }, 
    {
        "pk": 3, 
        "model": "catalogue.projection", 
        "fields": {
            "name": "UTM38S", 
            "epsg_code": 32738
        }
    }, 
    {
        "pk": 10, 
        "model": "catalogue.projection", 
        "fields": {
            "name": "UTM39S", 
            "epsg_code": 32739
        }
    }, 
    {
        "pk": 12, 
        "model": "catalogue.projection", 
        "fields": {
            "name": "UTM40S", 
            "epsg_code": 32740
        }
    }, 
    {
        "pk": 48, 
        "model": "catalogue.projection", 
        "fields": {
            "name": "UTM45S", 
            "epsg_code": 32745
        }
    }, 
    {
        "pk": 60, 
        "model": "catalogue.projection", 
        "fields": {
            "name": "UTM48S", 
            "epsg_code": 32748
        }
    }, 
    {
        "pk": 37, 
        "model": "catalogue.projection", 
        "fields": {
            "name": "UTM49S", 
            "epsg_code": 32749
        }
    }, 
    {
        "pk": 36, 
        "model": "catalogue.projection", 
        "fields": {
            "name": "UTM50S", 
            "epsg_code": 32750
        }
    }, 
    {
        "pk": 18, 
        "model": "catalogue.projection", 
        "fields": {
            "name": "UTM51S", 
            "epsg_code": 32751
        }
    }, 
    {
        "pk": 32, 
        "model": "catalogue.projection", 
        "fields": {
            "name": "UTM52S", 
            "epsg_code": 32752
        }
    }, 
    {
        "pk": 53, 
        "model": "catalogue.projection", 
        "fields": {
            "name": "UTM53S", 
            "epsg_code": 32753
        }
    }, 
    {
        "pk": 52, 
        "model": "catalogue.projection", 
        "fields": {
            "name": "UTM54S", 
            "epsg_code": 32754
        }
    }, 
    {
        "pk": 62, 
        "model": "catalogue.projection", 
        "fields": {
            "name": "UTM55S", 
            "epsg_code": 32755
        }
    }, 
    {
        "pk": 85, 
        "model": "catalogue.projection", 
        "fields": {
            "name": "UTM56S", 
            "epsg_code": 32756
        }
    }, 
    {
        "pk": 27, 
        "model": "catalogue.projection", 
        "fields": {
            "name": "UTM57S", 
            "epsg_code": 32757
        }
    }, 
    {
        "pk": 84, 
        "model": "catalogue.projection", 
        "fields": {
            "name": "UTM58S", 
            "epsg_code": 32758
        }
    }, 
    {
        "pk": 71, 
        "model": "catalogue.projection", 
        "fields": {
            "name": "UTM59S", 
            "epsg_code": 32759
        }
    }, 
    {
        "pk": 58, 
        "model": "catalogue.projection", 
        "fields": {
            "name": "UTM60S", 
            "epsg_code": 32760
        }
    }, 
    {
        "pk": 87, 
        "model": "catalogue.projection", 
        "fields": {
            "name": "Google Mercator", 
            "epsg_code": 900913
        }
    }, 
    {
        "pk": 1, 
        "model": "catalogue.institution", 
        "fields": {
            "address1": "Hartebeeshoek", 
            "address2": "Gauteng", 
            "address3": "South Africa", 
            "name": "Satellite Applications Centre", 
            "post_code": "0000"
        }
    }, 
    {
        "pk": 3, 
        "model": "catalogue.institution", 
        "fields": {
            "address1": "", 
            "address2": "", 
            "address3": "", 
            "name": "Rapideye AG", 
            "post_code": ""
        }
    }, 
    {
        "pk": 1, 
        "model": "catalogue.license", 
        "fields": {
            "type": 3, 
            "name": "SAC Commercial License", 
            "details": "SAC Commercial License"
        }
    }, 
    {
        "pk": 2, 
        "model": "catalogue.license", 
        "fields": {
            "type": 1, 
            "name": "SAC Free License", 
            "details": "SAC Free License"
        }
    }, 
    {
        "pk": 3, 
        "model": "catalogue.license", 
        "fields": {
            "type": 2, 
            "name": "SAC Partner License", 
            "details": "SAC Partner License"
        }
    }, 
    {
        "pk": 1, 
        "model": "catalogue.quality", 
        "fields": {
            "name": "Unknown"
        }
    }, 
    {
        "pk": 1, 
        "model": "catalogue.creatingsoftware", 
        "fields": {
            "version": "None", 
            "name": "Unknown"
        }
    }, 
    {
        "pk": 2, 
        "model": "catalogue.creatingsoftware", 
        "fields": {
            "version": "Sarmes1", 
            "name": "SARMES1"
        }
    }, 
    {
        "pk": 1, 
        "model": "catalogue.datum", 
        "fields": {
            "name": "WGS84"
        }
    }, 
    {
        "pk": 1, 
        "model": "catalogue.resamplingmethod", 
        "fields": {
            "name": "Nearest Neighbour"
        }
    }, 
    {
        "pk": 2, 
        "model": "catalogue.resamplingmethod", 
        "fields": {
            "name": "Cubic convolution"
        }
    }, 
    {
        "pk": 1, 
        "model": "catalogue.fileformat", 
        "fields": {
            "name": "GeoTiff"
        }
    }, 
    {
        "pk": 2, 
        "model": "catalogue.fileformat", 
        "fields": {
            "name": "ECW - ERMapper Compressed Wavelet"
        }
    }, 
    {
        "pk": 3, 
        "model": "catalogue.fileformat", 
        "fields": {
            "name": "JP2 - JPEG 2000"
        }
    }, 
    {
        "pk": 4, 
        "model": "catalogue.fileformat", 
        "fields": {
            "name": "ESRI -ShapeFile (Vector products only)"
        }
    }, 
    {
        "pk": 1, 
        "model": "catalogue.deliverymethod", 
        "fields": {
            "name": "Courier + External Hard Disk"
        }
    }, 
    {
        "pk": 2, 
        "model": "catalogue.deliverymethod", 
        "fields": {
            "name": "Download via FTP or HTTP"
        }
    }, 
    {
        "pk": 3, 
        "model": "catalogue.deliverymethod", 
        "fields": {
            "name": "DVD(s)"
        }
    }, 
    {
        "pk": 4, 
        "model": "catalogue.deliverymethod", 
        "fields": {
            "name": "Other (please specify in notes)"
        }
    }
]
