[
  {
    "pk": 1, 
    "model": "catalogue.missiongroup", 
    "fields": {
      "name": "Unknown"
    }
  }, 
  {
    "pk": 40, 
    "model": "catalogue.acquisitionmode", 
    "fields": {
      "name": "Horizontal Horizontal Vertical Vertical Polarisation", 
      "spatial_resolution": 0, 
      "is_grayscale": false, 
      "band_count": 1, 
      "abbreviation": "HHVV", 
      "sensor_type": 27, 
      "operator_abbreviation": "HHVV"
    }
  }, 
  {
    "pk": 1, 
    "model": "catalogue.acquisitionmode", 
    "fields": {
      "name": "Multispectral", 
      "spatial_resolution": 0, 
      "is_grayscale": false, 
      "band_count": 0, 
      "abbreviation": "MS", 
      "sensor_type": 1, 
      "operator_abbreviation": "MS"
    }
  }, 
  {
    "pk": 3, 
    "model": "catalogue.acquisitionmode", 
    "fields": {
      "name": "Multispectral and Thermal", 
      "spatial_resolution": 0, 
      "is_grayscale": false, 
      "band_count": 0, 
      "abbreviation": "HRT", 
      "sensor_type": 3, 
      "operator_abbreviation": "HRT"
    }
  }, 
  {
    "pk": 4, 
    "model": "catalogue.acquisitionmode", 
    "fields": {
      "name": "X", 
      "spatial_resolution": 0, 
      "is_grayscale": false, 
      "band_count": 0, 
      "abbreviation": "X", 
      "sensor_type": 4, 
      "operator_abbreviation": "X"
    }
  }, 
  {
    "pk": 5, 
    "model": "catalogue.acquisitionmode", 
    "fields": {
      "name": "I", 
      "spatial_resolution": 0, 
      "is_grayscale": false, 
      "band_count": 0, 
      "abbreviation": "I", 
      "sensor_type": 4, 
      "operator_abbreviation": "I"
    }
  }, 
  {
    "pk": 6, 
    "model": "catalogue.acquisitionmode", 
    "fields": {
      "name": "M", 
      "spatial_resolution": 0, 
      "is_grayscale": false, 
      "band_count": 0, 
      "abbreviation": "M", 
      "sensor_type": 4, 
      "operator_abbreviation": "M"
    }
  }, 
  {
    "pk": 7, 
    "model": "catalogue.acquisitionmode", 
    "fields": {
      "name": "P", 
      "spatial_resolution": 0, 
      "is_grayscale": false, 
      "band_count": 0, 
      "abbreviation": "P", 
      "sensor_type": 4, 
      "operator_abbreviation": "P"
    }
  }, 
  {
    "pk": 8, 
    "model": "catalogue.acquisitionmode", 
    "fields": {
      "name": "Multispectral", 
      "spatial_resolution": 0, 
      "is_grayscale": false, 
      "band_count": 0, 
      "abbreviation": "J", 
      "sensor_type": 5, 
      "operator_abbreviation": "J"
    }
  }, 
  {
    "pk": 9, 
    "model": "catalogue.acquisitionmode", 
    "fields": {
      "name": "Panchromatic", 
      "spatial_resolution": 0, 
      "is_grayscale": false, 
      "band_count": 0, 
      "abbreviation": "B", 
      "sensor_type": 5, 
      "operator_abbreviation": "B"
    }
  }, 
  {
    "pk": 10, 
    "model": "catalogue.acquisitionmode", 
    "fields": {
      "name": "Panchromatic", 
      "spatial_resolution": 0, 
      "is_grayscale": false, 
      "band_count": 0, 
      "abbreviation": "A", 
      "sensor_type": 5, 
      "operator_abbreviation": "A"
    }
  }, 
  {
    "pk": 12, 
    "model": "catalogue.acquisitionmode", 
    "fields": {
      "name": "3BG", 
      "spatial_resolution": 0, 
      "is_grayscale": false, 
      "band_count": 0, 
      "abbreviation": "3BG", 
      "sensor_type": 7, 
      "operator_abbreviation": "3BG"
    }
  }, 
  {
    "pk": 13, 
    "model": "catalogue.acquisitionmode", 
    "fields": {
      "name": "5BF", 
      "spatial_resolution": 0, 
      "is_grayscale": false, 
      "band_count": 0, 
      "abbreviation": "5BF", 
      "sensor_type": 7, 
      "operator_abbreviation": "5BF"
    }
  }, 
  {
    "pk": 14, 
    "model": "catalogue.acquisitionmode", 
    "fields": {
      "name": "3BP", 
      "spatial_resolution": 0, 
      "is_grayscale": false, 
      "band_count": 0, 
      "abbreviation": "3BP", 
      "sensor_type": 7, 
      "operator_abbreviation": "3BP"
    }
  }, 
  {
    "pk": 15, 
    "model": "catalogue.acquisitionmode", 
    "fields": {
      "name": "HR", 
      "spatial_resolution": 0, 
      "is_grayscale": false, 
      "band_count": 0, 
      "abbreviation": "HR", 
      "sensor_type": 8, 
      "operator_abbreviation": "HR"
    }
  }, 
  {
    "pk": 42, 
    "model": "catalogue.acquisitionmode", 
    "fields": {
      "name": "", 
      "spatial_resolution": 0, 
      "is_grayscale": false, 
      "band_count": 1, 
      "abbreviation": "PB", 
      "sensor_type": 2728, 
      "operator_abbreviation": ""
    }
  }, 
  {
    "pk": 2, 
    "model": "catalogue.acquisitionmode", 
    "fields": {
      "name": "Vertical Vertical Polarisation", 
      "spatial_resolution": 0, 
      "is_grayscale": false, 
      "band_count": 0, 
      "abbreviation": "VV", 
      "sensor_type": 2, 
      "operator_abbreviation": "VV"
    }
  }, 
  {
    "pk": 11, 
    "model": "catalogue.acquisitionmode", 
    "fields": {
      "name": "Forward Motion Compensation 4", 
      "spatial_resolution": 0, 
      "is_grayscale": false, 
      "band_count": 0, 
      "abbreviation": "FMC4", 
      "sensor_type": 6, 
      "operator_abbreviation": "FMC4"
    }
  }, 
  {
    "pk": 28, 
    "model": "catalogue.acquisitionmode", 
    "fields": {
      "name": "Vertical Vertical Polarisation", 
      "spatial_resolution": 0, 
      "is_grayscale": false, 
      "band_count": 1, 
      "abbreviation": "VV", 
      "sensor_type": 21, 
      "operator_abbreviation": "VV"
    }
  }, 
  {
    "pk": 29, 
    "model": "catalogue.acquisitionmode", 
    "fields": {
      "name": "Horizontal Horizontal Polarisation", 
      "spatial_resolution": 0, 
      "is_grayscale": false, 
      "band_count": 1, 
      "abbreviation": "HH", 
      "sensor_type": 21, 
      "operator_abbreviation": "HH"
    }
  }, 
  {
    "pk": 30, 
    "model": "catalogue.acquisitionmode", 
    "fields": {
      "name": "Horizontal Horizontal Vertical Vertical Polarisation", 
      "spatial_resolution": 0, 
      "is_grayscale": false, 
      "band_count": 1, 
      "abbreviation": "HHVV", 
      "sensor_type": 22, 
      "operator_abbreviation": "HHVV"
    }
  }, 
  {
    "pk": 31, 
    "model": "catalogue.acquisitionmode", 
    "fields": {
      "name": "Horizontal Horizontal Polarisation", 
      "spatial_resolution": 0, 
      "is_grayscale": false, 
      "band_count": 1, 
      "abbreviation": "HH", 
      "sensor_type": 23, 
      "operator_abbreviation": "HH"
    }
  }, 
  {
    "pk": 32, 
    "model": "catalogue.acquisitionmode", 
    "fields": {
      "name": "Horizontal Horizontal Vertical Vertical Polarisation", 
      "spatial_resolution": 0, 
      "is_grayscale": false, 
      "band_count": 1, 
      "abbreviation": "HHVV", 
      "sensor_type": 24, 
      "operator_abbreviation": "HHVV"
    }
  }, 
  {
    "pk": 33, 
    "model": "catalogue.acquisitionmode", 
    "fields": {
      "name": "Vertical Vertical Polarisation", 
      "spatial_resolution": 0, 
      "is_grayscale": false, 
      "band_count": 1, 
      "abbreviation": "VV", 
      "sensor_type": 23, 
      "operator_abbreviation": "VV"
    }
  }, 
  {
    "pk": 34, 
    "model": "catalogue.acquisitionmode", 
    "fields": {
      "name": "Horizontal Horizontal Polarisation", 
      "spatial_resolution": 0, 
      "is_grayscale": false, 
      "band_count": 1, 
      "abbreviation": "HH", 
      "sensor_type": 25, 
      "operator_abbreviation": "HH"
    }
  }, 
  {
    "pk": 35, 
    "model": "catalogue.acquisitionmode", 
    "fields": {
      "name": "Horizontal Horizontal Polarisation", 
      "spatial_resolution": 0, 
      "is_grayscale": false, 
      "band_count": 1, 
      "abbreviation": "HH", 
      "sensor_type": 26, 
      "operator_abbreviation": "HH"
    }
  }, 
  {
    "pk": 36, 
    "model": "catalogue.acquisitionmode", 
    "fields": {
      "name": "Vertical Vertical Vertical Horizontal Polarisation", 
      "spatial_resolution": 0, 
      "is_grayscale": false, 
      "band_count": 1, 
      "abbreviation": "VVVH", 
      "sensor_type": 22, 
      "operator_abbreviation": "VVVH"
    }
  }, 
  {
    "pk": 37, 
    "model": "catalogue.acquisitionmode", 
    "fields": {
      "name": "Vertical Vertical Polarisation", 
      "spatial_resolution": 0, 
      "is_grayscale": false, 
      "band_count": 1, 
      "abbreviation": "VV", 
      "sensor_type": 26, 
      "operator_abbreviation": "VV"
    }
  }, 
  {
    "pk": 38, 
    "model": "catalogue.acquisitionmode", 
    "fields": {
      "name": "Horizontal Horizontal Horizontal Vertical Polarisation", 
      "spatial_resolution": 0, 
      "is_grayscale": false, 
      "band_count": 1, 
      "abbreviation": "HHHV", 
      "sensor_type": 22, 
      "operator_abbreviation": "HHHV"
    }
  }, 
  {
    "pk": 39, 
    "model": "catalogue.acquisitionmode", 
    "fields": {
      "name": "Vertical Vertical Polarisation", 
      "spatial_resolution": 0, 
      "is_grayscale": false, 
      "band_count": 1, 
      "abbreviation": "VV", 
      "sensor_type": 25, 
      "operator_abbreviation": "VV"
    }
  }, 
  {
    "pk": 17, 
    "model": "catalogue.mission", 
    "fields": {
      "abbreviation": "S1", 
      "owner": "CNES", 
      "mission_group": 1, 
      "name": "Syst\u00e8me Pour l'Observation de la Terre 1", 
      "operator_abbreviation": "SPOT-1"
    }
  }, 
  {
    "pk": 18, 
    "model": "catalogue.mission", 
    "fields": {
      "abbreviation": "S5", 
      "owner": "CNES", 
      "mission_group": 1, 
      "name": "Syst\u00e8me Pour l'Observation de la Terre 5", 
      "operator_abbreviation": "SPOT-5"
    }
  }, 
  {
    "pk": 19, 
    "model": "catalogue.mission", 
    "fields": {
      "abbreviation": "ZA2", 
      "owner": "DST", 
      "mission_group": 1, 
      "name": "Sumbandilasat", 
      "operator_abbreviation": "ZASat-002"
    }
  }, 
  {
    "pk": 20, 
    "model": "catalogue.mission", 
    "fields": {
      "abbreviation": "C2B", 
      "owner": "CAST, INPE", 
      "mission_group": 1, 
      "name": "China-Brazil Earth Resources Satellite 2 B", 
      "operator_abbreviation": "CBERS-2-B"
    }
  }, 
  {
    "pk": 21, 
    "model": "catalogue.mission", 
    "fields": {
      "abbreviation": "S-C", 
      "owner": "CONAE", 
      "mission_group": 1, 
      "name": "Sat\u00e9lite de Aplicaciones Cient\u00edficas-C", 
      "operator_abbreviation": "SAC-C"
    }
  }, 
  {
    "pk": 1154, 
    "model": "catalogue.mission", 
    "fields": {
      "abbreviation": "S3", 
      "owner": "CNES", 
      "mission_group": 1, 
      "name": "Syst\u00e8me Pour l'Observation de la Terre 3", 
      "operator_abbreviation": "SPOT-3"
    }
  }, 
  {
    "pk": 1, 
    "model": "catalogue.mission", 
    "fields": {
      "abbreviation": "N14", 
      "owner": "NOAA", 
      "mission_group": 1, 
      "name": "National Oceanic and Atmospheric Administration Satellite 14", 
      "operator_abbreviation": "NOAA-14"
    }
  }, 
  {
    "pk": 2, 
    "model": "catalogue.mission", 
    "fields": {
      "abbreviation": "N16", 
      "owner": "NOAA", 
      "mission_group": 1, 
      "name": "National Oceanic and Atmospheric Administration Satellite 16", 
      "operator_abbreviation": "NOAA-16"
    }
  }, 
  {
    "pk": 3, 
    "model": "catalogue.mission", 
    "fields": {
      "abbreviation": "N11", 
      "owner": "NOAA", 
      "mission_group": 1, 
      "name": "National Oceanic and Atmospheric Administration Satellite 11", 
      "operator_abbreviation": "NOAA-11"
    }
  }, 
  {
    "pk": 4, 
    "model": "catalogue.mission", 
    "fields": {
      "abbreviation": "N9", 
      "owner": "NOAA", 
      "mission_group": 1, 
      "name": "National Oceanic and Atmospheric Administration Satellite 9", 
      "operator_abbreviation": "NOAA-9"
    }
  }, 
  {
    "pk": 5, 
    "model": "catalogue.mission", 
    "fields": {
      "abbreviation": "N17", 
      "owner": "NOAA", 
      "mission_group": 1, 
      "name": "National Oceanic and Atmospheric Administration Satellite 17", 
      "operator_abbreviation": "NOAA-17"
    }
  }, 
  {
    "pk": 6, 
    "model": "catalogue.mission", 
    "fields": {
      "abbreviation": "N12", 
      "owner": "NOAA", 
      "mission_group": 1, 
      "name": "National Oceanic and Atmospheric Administration Satellite 12", 
      "operator_abbreviation": "NOAA-12"
    }
  }, 
  {
    "pk": 7, 
    "model": "catalogue.mission", 
    "fields": {
      "abbreviation": "N15", 
      "owner": "NOAA", 
      "mission_group": 1, 
      "name": "National Oceanic and Atmospheric Administration Satellite 15", 
      "operator_abbreviation": "NOAA-15"
    }
  }, 
  {
    "pk": 8, 
    "model": "catalogue.mission", 
    "fields": {
      "abbreviation": "E2", 
      "owner": "ESA", 
      "mission_group": 1, 
      "name": "European Remote-Sensing Satellite-2", 
      "operator_abbreviation": "ERS-2"
    }
  }, 
  {
    "pk": 9, 
    "model": "catalogue.mission", 
    "fields": {
      "abbreviation": "E1", 
      "owner": "ESA", 
      "mission_group": 1, 
      "name": "European Remote-Sensing Satellite-1", 
      "operator_abbreviation": "ERS-1"
    }
  }, 
  {
    "pk": 10, 
    "model": "catalogue.mission", 
    "fields": {
      "abbreviation": "L5", 
      "owner": "NASA, USGS", 
      "mission_group": 1, 
      "name": "Landsat 5", 
      "operator_abbreviation": "LS-5"
    }
  }, 
  {
    "pk": 11, 
    "model": "catalogue.mission", 
    "fields": {
      "abbreviation": "L7", 
      "owner": "NASA, USGS", 
      "mission_group": 1, 
      "name": "Landsat 7", 
      "operator_abbreviation": "LS-7"
    }
  }, 
  {
    "pk": 12, 
    "model": "catalogue.mission", 
    "fields": {
      "abbreviation": "L2", 
      "owner": "NASA", 
      "mission_group": 1, 
      "name": "Landsat 2", 
      "operator_abbreviation": "LS-2"
    }
  }, 
  {
    "pk": 13, 
    "model": "catalogue.mission", 
    "fields": {
      "abbreviation": "L3", 
      "owner": "NASA", 
      "mission_group": 1, 
      "name": "Landsat 3", 
      "operator_abbreviation": "LS-3"
    }
  }, 
  {
    "pk": 14, 
    "model": "catalogue.mission", 
    "fields": {
      "abbreviation": "L4", 
      "owner": "NASA", 
      "mission_group": 1, 
      "name": "Landsat 4", 
      "operator_abbreviation": "LS-4"
    }
  }, 
  {
    "pk": 15, 
    "model": "catalogue.mission", 
    "fields": {
      "abbreviation": "S2", 
      "owner": "CNES", 
      "mission_group": 1, 
      "name": "Syst\u00e8me Pour l'Observation de la Terre 2", 
      "operator_abbreviation": "SPOT-2"
    }
  }, 
  {
    "pk": 16, 
    "model": "catalogue.mission", 
    "fields": {
      "abbreviation": "S4", 
      "owner": "CNES", 
      "mission_group": 1, 
      "name": "Syst\u00e8me Pour l'Observation de la Terre 4", 
      "operator_abbreviation": "SPOT-4"
    }
  }, 
  {
    "pk": 1155, 
    "model": "catalogue.mission", 
    "fields": {
      "abbreviation": "L1", 
      "owner": "NASA", 
      "mission_group": 1, 
      "name": "Landsat 1", 
      "operator_abbreviation": "LS-1"
    }
  }, 
  {
    "pk": 1156, 
    "model": "catalogue.mission", 
    "fields": {
      "abbreviation": "CB3", 
      "owner": "CAST, INPE", 
      "mission_group": 1, 
      "name": "China-Brazil Earth Resources Satellite 3", 
      "operator_abbreviation": "CBERS 3"
    }
  }, 
  {
    "pk": 1157, 
    "model": "catalogue.mission", 
    "fields": {
      "abbreviation": "QB2", 
      "owner": "Digital Globe", 
      "mission_group": 1, 
      "name": "Quick Bird 2", 
      "operator_abbreviation": "QuickBird-2"
    }
  }, 
  {
    "pk": 1158, 
    "model": "catalogue.mission", 
    "fields": {
      "abbreviation": "WV1", 
      "owner": "Digital Globe", 
      "mission_group": 1, 
      "name": "World View 1", 
      "operator_abbreviation": "WorldView-1"
    }
  }, 
  {
    "pk": 1159, 
    "model": "catalogue.mission", 
    "fields": {
      "abbreviation": "WV2", 
      "owner": "Digital Globe", 
      "mission_group": 1, 
      "name": "World View 2", 
      "operator_abbreviation": "WorldView-2"
    }
  }, 
  {
    "pk": 1160, 
    "model": "catalogue.mission", 
    "fields": {
      "abbreviation": "IK2", 
      "owner": "GeoEye (Formerly Space Imaging)", 
      "mission_group": 1, 
      "name": "Ikonos 2", 
      "operator_abbreviation": "Ikonos-2"
    }
  }, 
  {
    "pk": 1161, 
    "model": "catalogue.mission", 
    "fields": {
      "abbreviation": "GE1", 
      "owner": "GeoEye (Formerly Space Imaging)", 
      "mission_group": 1, 
      "name": "Geo Eye 1 previously known as OrbView-5", 
      "operator_abbreviation": "GeoEye-1"
    }
  }, 
  {
    "pk": 34, 
    "model": "catalogue.mission", 
    "fields": {
      "abbreviation": "TSX", 
      "owner": "DLR", 
      "mission_group": 1, 
      "name": "TerraSAR-X 1", 
      "operator_abbreviation": "TSX-1"
    }
  }, 
  {
    "pk": 1162, 
    "model": "catalogue.mission", 
    "fields": {
      "abbreviation": "TDX", 
      "owner": "DLR", 
      "mission_group": 1, 
      "name": "TerraSAR-X add-on for Digital Elevation Measurement", 
      "operator_abbreviation": "TanDEM-X"
    }
  }, 
  {
    "pk": 1163, 
    "model": "catalogue.mission", 
    "fields": {
      "abbreviation": "RE1", 
      "owner": "Rapideye AG", 
      "mission_group": 1, 
      "name": "Tachys RapidEye 1", 
      "operator_abbreviation": "RapidEye-1"
    }
  }, 
  {
    "pk": 1164, 
    "model": "catalogue.mission", 
    "fields": {
      "abbreviation": "RE2", 
      "owner": "Rapideye AG", 
      "mission_group": 1, 
      "name": "Mati RapidEye 2", 
      "operator_abbreviation": "RapidEye-2"
    }
  }, 
  {
    "pk": 1165, 
    "model": "catalogue.mission", 
    "fields": {
      "abbreviation": "RE3", 
      "owner": "Rapideye AG", 
      "mission_group": 1, 
      "name": "Choma RapidEye 3", 
      "operator_abbreviation": "RapidEye-3"
    }
  }, 
  {
    "pk": 1166, 
    "model": "catalogue.mission", 
    "fields": {
      "abbreviation": "RE4", 
      "owner": "Rapideye AG", 
      "mission_group": 1, 
      "name": "Choros RapidEye 4", 
      "operator_abbreviation": "RapidEye-4"
    }
  }, 
  {
    "pk": 1167, 
    "model": "catalogue.mission", 
    "fields": {
      "abbreviation": "RE5", 
      "owner": "Rapideye AG", 
      "mission_group": 1, 
      "name": "Trochia RapidEye 5", 
      "operator_abbreviation": "RapidEye-5"
    }
  }, 
  {
    "pk": 1168, 
    "model": "catalogue.mission", 
    "fields": {
      "abbreviation": "RS1", 
      "owner": "CSA", 
      "mission_group": 1, 
      "name": "RADARSAT 1", 
      "operator_abbreviation": "RADARSAT-1"
    }
  }, 
  {
    "pk": 1169, 
    "model": "catalogue.mission", 
    "fields": {
      "abbreviation": "RS2", 
      "owner": "MDA", 
      "mission_group": 1, 
      "name": "RADARSAT 2", 
      "operator_abbreviation": "RADARSAT-2"
    }
  }, 
  {
    "pk": 1170, 
    "model": "catalogue.mission", 
    "fields": {
      "abbreviation": "R-1", 
      "owner": "ISRO", 
      "mission_group": 1, 
      "name": "ResourceSat 1", 
      "operator_abbreviation": "IRS-P6"
    }
  }, 
  {
    "pk": 1171, 
    "model": "catalogue.mission", 
    "fields": {
      "abbreviation": "R-2", 
      "owner": "ISRO", 
      "mission_group": 1, 
      "name": "ResourceSat 2", 
      "operator_abbreviation": "ResourceSat-2"
    }
  }, 
  {
    "pk": 1172, 
    "model": "catalogue.mission", 
    "fields": {
      "abbreviation": "CS1", 
      "owner": "ISRO", 
      "mission_group": 1, 
      "name": "CartoSat 1", 
      "operator_abbreviation": "IRS-P5"
    }
  }, 
  {
    "pk": 1173, 
    "model": "catalogue.mission", 
    "fields": {
      "abbreviation": "AL1", 
      "owner": "JAXA", 
      "mission_group": 1, 
      "name": "Advanced Land Observing Satellite / Daichi", 
      "operator_abbreviation": "ALOS-1"
    }
  }, 
  {
    "pk": 1174, 
    "model": "catalogue.mission", 
    "fields": {
      "abbreviation": "AL2", 
      "owner": "JAXA", 
      "mission_group": 1, 
      "name": "Advanced Land Observing Satellite-2", 
      "operator_abbreviation": "ALOS-2"
    }
  }, 
  {
    "pk": 1175, 
    "model": "catalogue.mission", 
    "fields": {
      "abbreviation": "AQA", 
      "owner": "NASA", 
      "mission_group": 1, 
      "name": "Aqua Mission (EOS/PM-1)", 
      "operator_abbreviation": "Aqua"
    }
  }, 
  {
    "pk": 1176, 
    "model": "catalogue.mission", 
    "fields": {
      "abbreviation": "TER", 
      "owner": "NASA", 
      "mission_group": 1, 
      "name": "Terra Mission (EOS/AM-1)", 
      "operator_abbreviation": "Terra"
    }
  }, 
  {
    "pk": 1177, 
    "model": "catalogue.mission", 
    "fields": {
      "abbreviation": "A-T", 
      "owner": "NASA", 
      "mission_group": 1, 
      "name": "Image product composites of both Terra and Aqua", 
      "operator_abbreviation": "Aqua-Terra"
    }
  }, 
  {
    "pk": 1178, 
    "model": "catalogue.mission", 
    "fields": {
      "abbreviation": "E-A", 
      "owner": "ImageSat International N.V.", 
      "mission_group": 1, 
      "name": "Earth Remote Observation System-A", 
      "operator_abbreviation": "EROS-A"
    }
  }, 
  {
    "pk": 1179, 
    "model": "catalogue.mission", 
    "fields": {
      "abbreviation": "OV2", 
      "owner": "ORBIMAGE", 
      "mission_group": 1, 
      "name": "OrbView-2 (SeaStar)", 
      "operator_abbreviation": "OrbView-2"
    }
  }, 
  {
    "pk": 1, 
    "model": "catalogue.missionsensor", 
    "fields": {
      "is_radar": false, 
      "name": "Advanced Very High Resolution Radiometer NOAA", 
      "description": "", 
      "mission": 1, 
      "abbreviation": "AVH", 
      "operator_abbreviation": "AVHRR-3", 
      "has_data": true
    }
  }, 
  {
    "pk": 2, 
    "model": "catalogue.missionsensor", 
    "fields": {
      "is_radar": true, 
      "name": "Active Microwave Instrument ERS-1", 
      "description": "", 
      "mission": 9, 
      "abbreviation": "AMI", 
      "operator_abbreviation": "AMI-1", 
      "has_data": true
    }
  }, 
  {
    "pk": 3, 
    "model": "catalogue.missionsensor", 
    "fields": {
      "is_radar": false, 
      "name": "Thematic Mapper Landsat 4", 
      "description": "", 
      "mission": 14, 
      "abbreviation": "TM", 
      "operator_abbreviation": "TM-4", 
      "has_data": true
    }
  }, 
  {
    "pk": 1560, 
    "model": "catalogue.missionsensor", 
    "fields": {
      "is_radar": false, 
      "name": "Thematic Mapper Landsat 5", 
      "description": "", 
      "mission": 10, 
      "abbreviation": "TM", 
      "operator_abbreviation": "TM-5", 
      "has_data": false
    }
  }, 
  {
    "pk": 4, 
    "model": "catalogue.missionsensor", 
    "fields": {
      "is_radar": false, 
      "name": "Multi-Spectral-Scanner Landsat 1", 
      "description": "", 
      "mission": 1155, 
      "abbreviation": "MSS", 
      "operator_abbreviation": "MSS-1", 
      "has_data": true
    }
  }, 
  {
    "pk": 1561, 
    "model": "catalogue.missionsensor", 
    "fields": {
      "is_radar": false, 
      "name": "Multi-Spectral-Scanner Landsat 2", 
      "description": "", 
      "mission": 12, 
      "abbreviation": "MSS", 
      "operator_abbreviation": "MSS-2", 
      "has_data": false
    }
  }, 
  {
    "pk": 1562, 
    "model": "catalogue.missionsensor", 
    "fields": {
      "is_radar": false, 
      "name": "Multi-Spectral-Scanner Landsat 3", 
      "description": "", 
      "mission": 13, 
      "abbreviation": "MSS", 
      "operator_abbreviation": "MSS-3", 
      "has_data": false
    }
  }, 
  {
    "pk": 1563, 
    "model": "catalogue.missionsensor", 
    "fields": {
      "is_radar": false, 
      "name": "Multi-Spectral-Scanner Landsat 4", 
      "description": "", 
      "mission": 14, 
      "abbreviation": "MSS", 
      "operator_abbreviation": "MSS-4", 
      "has_data": false
    }
  }, 
  {
    "pk": 1564, 
    "model": "catalogue.missionsensor", 
    "fields": {
      "is_radar": false, 
      "name": "Multi-Spectral-Scanner Landsat 5", 
      "description": "", 
      "mission": 10, 
      "abbreviation": "MSS", 
      "operator_abbreviation": "MSS-5", 
      "has_data": false
    }
  }, 
  {
    "pk": 5, 
    "model": "catalogue.missionsensor", 
    "fields": {
      "is_radar": false, 
      "name": "Enhanced Thematic Mapper Plus Landsat 7", 
      "description": "", 
      "mission": 11, 
      "abbreviation": "ETM", 
      "operator_abbreviation": "ETM+", 
      "has_data": true
    }
  }, 
  {
    "pk": 1565, 
    "model": "catalogue.missionsensor", 
    "fields": {
      "is_radar": false, 
      "name": "Haute Resolution Visible Spot 1", 
      "description": "", 
      "mission": 17, 
      "abbreviation": "HRV", 
      "operator_abbreviation": "HRV-1", 
      "has_data": false
    }
  }, 
  {
    "pk": 1566, 
    "model": "catalogue.missionsensor", 
    "fields": {
      "is_radar": false, 
      "name": "Haute Resolution Visible Spot 2", 
      "description": "", 
      "mission": 15, 
      "abbreviation": "HRV", 
      "operator_abbreviation": "HRV-2", 
      "has_data": false
    }
  }, 
  {
    "pk": 1567, 
    "model": "catalogue.missionsensor", 
    "fields": {
      "is_radar": false, 
      "name": "Haute Resolution Visible Spot 3", 
      "description": "", 
      "mission": 1154, 
      "abbreviation": "HRV", 
      "operator_abbreviation": "HRV-3", 
      "has_data": false
    }
  }, 
  {
    "pk": 1568, 
    "model": "catalogue.missionsensor", 
    "fields": {
      "is_radar": false, 
      "name": "High-Resolution Visible and Infrared sensor Spot 4", 
      "description": "", 
      "mission": 16, 
      "abbreviation": "HIR", 
      "operator_abbreviation": "HRVIR-4", 
      "has_data": false
    }
  }, 
  {
    "pk": 1569, 
    "model": "catalogue.missionsensor", 
    "fields": {
      "is_radar": false, 
      "name": "Vegetation Monitoring Instrument / Vegetation Spot 4", 
      "description": "", 
      "mission": 16, 
      "abbreviation": "VMI", 
      "operator_abbreviation": "Vegetation-4", 
      "has_data": false
    }
  }, 
  {
    "pk": 10, 
    "model": "catalogue.missionsensor", 
    "fields": {
      "is_radar": false, 
      "name": "High Resolution Geometric Spot 5", 
      "description": "Spot 5 HRG", 
      "mission": 18, 
      "abbreviation": "HRG", 
      "operator_abbreviation": "HRG-5", 
      "has_data": true
    }
  }, 
  {
    "pk": 1570, 
    "model": "catalogue.missionsensor", 
    "fields": {
      "is_radar": false, 
      "name": "High Resolution Stereoscopic Spot 5", 
      "description": "", 
      "mission": 18, 
      "abbreviation": "HRS", 
      "operator_abbreviation": "HRS-5", 
      "has_data": false
    }
  }, 
  {
    "pk": 1571, 
    "model": "catalogue.missionsensor", 
    "fields": {
      "is_radar": false, 
      "name": "Vegetation Monitoring Instrument / Vegetation Spot 5", 
      "description": "", 
      "mission": 18, 
      "abbreviation": "VMI", 
      "operator_abbreviation": "Vegetation-5", 
      "has_data": false
    }
  }, 
  {
    "pk": 1572, 
    "model": "catalogue.missionsensor", 
    "fields": {
      "is_radar": false, 
      "name": "Active Microwave Instrument ERS-1", 
      "description": "", 
      "mission": 8, 
      "abbreviation": "AMI", 
      "operator_abbreviation": "AMI-2", 
      "has_data": false
    }
  }, 
  {
    "pk": 1573, 
    "model": "catalogue.missionsensor", 
    "fields": {
      "is_radar": false, 
      "name": "Return Beam Vidicon Camera Landsat 1", 
      "description": "", 
      "mission": 1155, 
      "abbreviation": "RBV", 
      "operator_abbreviation": "RBV-1", 
      "has_data": false
    }
  }, 
  {
    "pk": 1574, 
    "model": "catalogue.missionsensor", 
    "fields": {
      "is_radar": false, 
      "name": "Return Beam Vidicon Camera Landsat 2", 
      "description": "", 
      "mission": 12, 
      "abbreviation": "RBV", 
      "operator_abbreviation": "RBV-2", 
      "has_data": false
    }
  }, 
  {
    "pk": 1575, 
    "model": "catalogue.missionsensor", 
    "fields": {
      "is_radar": false, 
      "name": "Return Beam Vidicon Camera Landsat 3", 
      "description": "", 
      "mission": 13, 
      "abbreviation": "RBV", 
      "operator_abbreviation": "RBV-3", 
      "has_data": false
    }
  }, 
  {
    "pk": 14, 
    "model": "catalogue.missionsensor", 
    "fields": {
      "is_radar": false, 
      "name": "High Resolution CCD Camera CBERS2-B", 
      "description": "", 
      "mission": 20, 
      "abbreviation": "HRC", 
      "operator_abbreviation": "HRCC-2B", 
      "has_data": true
    }
  }, 
  {
    "pk": 1576, 
    "model": "catalogue.missionsensor", 
    "fields": {
      "is_radar": false, 
      "name": "High Resolution Panchromatic Camera CBERS 2 B", 
      "description": "", 
      "mission": 20, 
      "abbreviation": "HRP", 
      "operator_abbreviation": "HRPC-2B", 
      "has_data": false
    }
  }, 
  {
    "pk": 1577, 
    "model": "catalogue.missionsensor", 
    "fields": {
      "is_radar": false, 
      "name": "Wide-Field Imager CBERS 2 B", 
      "description": "", 
      "mission": 20, 
      "abbreviation": "WFI", 
      "operator_abbreviation": "WFI-2B", 
      "has_data": false
    }
  }, 
  {
    "pk": 1578, 
    "model": "catalogue.missionsensor", 
    "fields": {
      "is_radar": false, 
      "name": "PAL ZA-002", 
      "description": "", 
      "mission": 19, 
      "abbreviation": "PAL", 
      "operator_abbreviation": "PAL-2", 
      "has_data": false
    }
  }, 
  {
    "pk": 13, 
    "model": "catalogue.missionsensor", 
    "fields": {
      "is_radar": false, 
      "name": "Multispectral Imager ZA-002", 
      "description": "", 
      "mission": 19, 
      "abbreviation": "MSI", 
      "operator_abbreviation": "MSI-2", 
      "has_data": true
    }
  }, 
  {
    "pk": 1579, 
    "model": "catalogue.missionsensor", 
    "fields": {
      "is_radar": false, 
      "name": "MUX CBERS 3", 
      "description": "", 
      "mission": 1156, 
      "abbreviation": "MUX", 
      "operator_abbreviation": "MUX-3", 
      "has_data": false
    }
  }, 
  {
    "pk": 1580, 
    "model": "catalogue.missionsensor", 
    "fields": {
      "is_radar": false, 
      "name": "High Resolution CCD Camera CBERS 3", 
      "description": "", 
      "mission": 1156, 
      "abbreviation": "HRC", 
      "operator_abbreviation": "HRCC-3", 
      "has_data": false
    }
  }, 
  {
    "pk": 1581, 
    "model": "catalogue.missionsensor", 
    "fields": {
      "is_radar": false, 
      "name": "Infrared Multispectral Scanner CBERS 3", 
      "description": "", 
      "mission": 1156, 
      "abbreviation": "IRM", 
      "operator_abbreviation": "IRMSS-3", 
      "has_data": false
    }
  }, 
  {
    "pk": 1582, 
    "model": "catalogue.missionsensor", 
    "fields": {
      "is_radar": false, 
      "name": "Advanced Wide-Field Imager CBERS 3", 
      "description": "", 
      "mission": 1156, 
      "abbreviation": "AWF", 
      "operator_abbreviation": "AWFI-3", 
      "has_data": false
    }
  }, 
  {
    "pk": 15, 
    "model": "catalogue.missionsensor", 
    "fields": {
      "is_radar": false, 
      "name": "Multispectral Medium Resolution Scanner SAC-C", 
      "description": "", 
      "mission": 21, 
      "abbreviation": "MMR", 
      "operator_abbreviation": "MMRS-C", 
      "has_data": true
    }
  }, 
  {
    "pk": 1583, 
    "model": "catalogue.missionsensor", 
    "fields": {
      "is_radar": false, 
      "name": "High-Resolution Technological Camera SAC-C", 
      "description": "", 
      "mission": 21, 
      "abbreviation": "HRT", 
      "operator_abbreviation": "HRTC-C", 
      "has_data": false
    }
  }, 
  {
    "pk": 1584, 
    "model": "catalogue.missionsensor", 
    "fields": {
      "is_radar": false, 
      "name": "WorldView-60 camera WorldView 1", 
      "description": "", 
      "mission": 1158, 
      "abbreviation": "W60", 
      "operator_abbreviation": "WV60", 
      "has_data": false
    }
  }, 
  {
    "pk": 1585, 
    "model": "catalogue.missionsensor", 
    "fields": {
      "is_radar": false, 
      "name": "WorldView-110 camera WorldView 2", 
      "description": "", 
      "mission": 1159, 
      "abbreviation": "110", 
      "operator_abbreviation": "WV110", 
      "has_data": false
    }
  }, 
  {
    "pk": 1586, 
    "model": "catalogue.missionsensor", 
    "fields": {
      "is_radar": false, 
      "name": "Ball Global Imaging System 2000 QuickBird-2", 
      "description": "", 
      "mission": 1157, 
      "abbreviation": "BGI", 
      "operator_abbreviation": "BGIS-2000", 
      "has_data": false
    }
  }, 
  {
    "pk": 1587, 
    "model": "catalogue.missionsensor", 
    "fields": {
      "is_radar": false, 
      "name": "Optical Sensor Assembly or recently offered under Kodak Model 1000 Camera System Ikonos-2", 
      "description": "", 
      "mission": 1160, 
      "abbreviation": "OSA", 
      "operator_abbreviation": "OSA-2", 
      "has_data": false
    }
  }, 
  {
    "pk": 1588, 
    "model": "catalogue.missionsensor", 
    "fields": {
      "is_radar": false, 
      "name": "GeoEye Imaging System GeoEye-1", 
      "description": "", 
      "mission": 1161, 
      "abbreviation": "GIS", 
      "operator_abbreviation": "GIS-1", 
      "has_data": false
    }
  }, 
  {
    "pk": 1590, 
    "model": "catalogue.missionsensor", 
    "fields": {
      "is_radar": false, 
      "name": "RapidEye Earth Imaging System RapidEye-1", 
      "description": "", 
      "mission": 1163, 
      "abbreviation": "REI", 
      "operator_abbreviation": "REIS-1", 
      "has_data": false
    }
  }, 
  {
    "pk": 1591, 
    "model": "catalogue.missionsensor", 
    "fields": {
      "is_radar": false, 
      "name": "RapidEye Earth Imaging System RapidEye-2", 
      "description": "", 
      "mission": 1164, 
      "abbreviation": "REI", 
      "operator_abbreviation": "REIS-2", 
      "has_data": false
    }
  }, 
  {
    "pk": 1592, 
    "model": "catalogue.missionsensor", 
    "fields": {
      "is_radar": false, 
      "name": "RapidEye Earth Imaging System RapidEye-3", 
      "description": "", 
      "mission": 1165, 
      "abbreviation": "REI", 
      "operator_abbreviation": "REIS-3", 
      "has_data": false
    }
  }, 
  {
    "pk": 1593, 
    "model": "catalogue.missionsensor", 
    "fields": {
      "is_radar": false, 
      "name": "RapidEye Earth Imaging System RapidEye-4", 
      "description": "", 
      "mission": 1166, 
      "abbreviation": "REI", 
      "operator_abbreviation": "REIS-4", 
      "has_data": false
    }
  }, 
  {
    "pk": 1594, 
    "model": "catalogue.missionsensor", 
    "fields": {
      "is_radar": false, 
      "name": "RapidEye Earth Imaging System RapidEye-5", 
      "description": "", 
      "mission": 1167, 
      "abbreviation": "REI", 
      "operator_abbreviation": "REIS-5", 
      "has_data": false
    }
  }, 
  {
    "pk": 1597, 
    "model": "catalogue.missionsensor", 
    "fields": {
      "is_radar": false, 
      "name": "Linear Imaging Self-Scanning Sensor-3 IRS-P6", 
      "description": "", 
      "mission": 1170, 
      "abbreviation": "LI3", 
      "operator_abbreviation": "LISS-3-IRS-P-6", 
      "has_data": false
    }
  }, 
  {
    "pk": 1598, 
    "model": "catalogue.missionsensor", 
    "fields": {
      "is_radar": false, 
      "name": "Linear Imaging Self-Scanning Sensor-4 IRS-P6", 
      "description": "", 
      "mission": 1170, 
      "abbreviation": "LI4", 
      "operator_abbreviation": "LISS-4-IRS-P-6", 
      "has_data": false
    }
  }, 
  {
    "pk": 1599, 
    "model": "catalogue.missionsensor", 
    "fields": {
      "is_radar": false, 
      "name": "AWiFS Advanced Wide Field Sensor IRS-P6", 
      "description": "", 
      "mission": 1170, 
      "abbreviation": "AWF", 
      "operator_abbreviation": "AwiFS-IRS-P-6", 
      "has_data": false
    }
  }, 
  {
    "pk": 1600, 
    "model": "catalogue.missionsensor", 
    "fields": {
      "is_radar": false, 
      "name": "Linear Imaging Self-Scanning Sensor-3 ResourceSat-2", 
      "description": "", 
      "mission": 1171, 
      "abbreviation": "LI3", 
      "operator_abbreviation": "LISS-3-R-2", 
      "has_data": false
    }
  }, 
  {
    "pk": 1601, 
    "model": "catalogue.missionsensor", 
    "fields": {
      "is_radar": false, 
      "name": "Linear Imaging Self-Scanning Sensor-4 ResourceSat-2", 
      "description": "", 
      "mission": 1171, 
      "abbreviation": "LI4", 
      "operator_abbreviation": "LISS-4-R-2", 
      "has_data": false
    }
  }, 
  {
    "pk": 1602, 
    "model": "catalogue.missionsensor", 
    "fields": {
      "is_radar": false, 
      "name": "AWiFS Advanced Wide Field Sensor ResourceSat-2", 
      "description": "", 
      "mission": 1171, 
      "abbreviation": "AWF", 
      "operator_abbreviation": "AwiFS-R-2", 
      "has_data": false
    }
  }, 
  {
    "pk": 1603, 
    "model": "catalogue.missionsensor", 
    "fields": {
      "is_radar": false, 
      "name": "Pan-Aft-IRS-P5", 
      "description": "", 
      "mission": 1172, 
      "abbreviation": "P-A", 
      "operator_abbreviation": "Pan-Aft-CS1", 
      "has_data": false
    }
  }, 
  {
    "pk": 1604, 
    "model": "catalogue.missionsensor", 
    "fields": {
      "is_radar": false, 
      "name": "Pan-Fore-IRS-P5", 
      "description": "", 
      "mission": 1172, 
      "abbreviation": "P-F", 
      "operator_abbreviation": "Pan-Fore-CS1", 
      "has_data": false
    }
  }, 
  {
    "pk": 1605, 
    "model": "catalogue.missionsensor", 
    "fields": {
      "is_radar": false, 
      "name": "Panchromatic Remote-sensing Instrument for Stereo Mapping ALOS-1", 
      "description": "", 
      "mission": 1173, 
      "abbreviation": "PIM", 
      "operator_abbreviation": "PRISM", 
      "has_data": false
    }
  }, 
  {
    "pk": 1606, 
    "model": "catalogue.missionsensor", 
    "fields": {
      "is_radar": false, 
      "name": "Advanced Visible and Near-Infrared Radiometer \u2013 2 ALOS-1", 
      "description": "", 
      "mission": 1173, 
      "abbreviation": "AV2", 
      "operator_abbreviation": "AVNIR-2", 
      "has_data": false
    }
  }, 
  {
    "pk": 1607, 
    "model": "catalogue.missionsensor", 
    "fields": {
      "is_radar": false, 
      "name": "Phased Array L-band Synthetic Aperture Radar-1 ALOS-1", 
      "description": "", 
      "mission": 1173, 
      "abbreviation": "PSR", 
      "operator_abbreviation": "PALSAR-1", 
      "has_data": false
    }
  }, 
  {
    "pk": 1608, 
    "model": "catalogue.missionsensor", 
    "fields": {
      "is_radar": false, 
      "name": "Phased Array L-band Synthetic Aperture Radar-2 ALOS-2", 
      "description": "", 
      "mission": 1174, 
      "abbreviation": "PSR", 
      "operator_abbreviation": "PALSAR-2", 
      "has_data": false
    }
  }, 
  {
    "pk": 1609, 
    "model": "catalogue.missionsensor", 
    "fields": {
      "is_radar": false, 
      "name": "Atmospheric Infrared Sounder AQA", 
      "description": "", 
      "mission": 1175, 
      "abbreviation": "AIS", 
      "operator_abbreviation": "AIRS", 
      "has_data": false
    }
  }, 
  {
    "pk": 1610, 
    "model": "catalogue.missionsensor", 
    "fields": {
      "is_radar": false, 
      "name": "Moderate-Resolution Imaging Spectroradiometer Aqua", 
      "description": "", 
      "mission": 1175, 
      "abbreviation": "MYD", 
      "operator_abbreviation": "MODIS-AQA", 
      "has_data": false
    }
  }, 
  {
    "pk": 1611, 
    "model": "catalogue.missionsensor", 
    "fields": {
      "is_radar": false, 
      "name": "Advanced Spaceborne Thermal Emission and Reflection Radiometer", 
      "description": "", 
      "mission": 1176, 
      "abbreviation": "AST", 
      "operator_abbreviation": "ASTER-TER", 
      "has_data": false
    }
  }, 
  {
    "pk": 1612, 
    "model": "catalogue.missionsensor", 
    "fields": {
      "is_radar": false, 
      "name": "Multi-angle Imaging SpectroRadiometer Terra", 
      "description": "", 
      "mission": 1176, 
      "abbreviation": "MIS", 
      "operator_abbreviation": "MISR-TER", 
      "has_data": false
    }
  }, 
  {
    "pk": 1613, 
    "model": "catalogue.missionsensor", 
    "fields": {
      "is_radar": false, 
      "name": "Moderate-Resolution Imaging Spectroradiometer Terra", 
      "description": "", 
      "mission": 1176, 
      "abbreviation": "MOD", 
      "operator_abbreviation": "MODIS-TER", 
      "has_data": false
    }
  }, 
  {
    "pk": 1614, 
    "model": "catalogue.missionsensor", 
    "fields": {
      "is_radar": false, 
      "name": "Moderate-Resolution Imaging Spectroradiometer Aqua and Terra", 
      "description": "", 
      "mission": 1177, 
      "abbreviation": "MCD", 
      "operator_abbreviation": "MODIS-A-T", 
      "has_data": false
    }
  }, 
  {
    "pk": 1615, 
    "model": "catalogue.missionsensor", 
    "fields": {
      "is_radar": false, 
      "name": "Panchromatic Imaging Camera EROS-A", 
      "description": "", 
      "mission": 1178, 
      "abbreviation": "PIC", 
      "operator_abbreviation": "PIC-E-A", 
      "has_data": false
    }
  }, 
  {
    "pk": 1616, 
    "model": "catalogue.missionsensor", 
    "fields": {
      "is_radar": false, 
      "name": "Sea-Viewing Wide Field-of-View Sensor OrbView-2", 
      "description": "", 
      "mission": 1179, 
      "abbreviation": "SWF", 
      "operator_abbreviation": "SeaWiFS-2", 
      "has_data": false
    }
  }, 
  {
    "pk": 1589, 
    "model": "catalogue.missionsensor", 
    "fields": {
      "is_radar": true, 
      "name": "TDX-SAR TanDEM-X", 
      "description": "", 
      "mission": 1162, 
      "abbreviation": "SAR", 
      "operator_abbreviation": "SAR-TDX2", 
      "has_data": false
    }
  }, 
  {
    "pk": 1595, 
    "model": "catalogue.missionsensor", 
    "fields": {
      "is_radar": true, 
      "name": "SAR RADARSAT-1", 
      "description": "", 
      "mission": 1168, 
      "abbreviation": "SAR", 
      "operator_abbreviation": "SAR-RS1", 
      "has_data": false
    }
  }, 
  {
    "pk": 1596, 
    "model": "catalogue.missionsensor", 
    "fields": {
      "is_radar": true, 
      "name": "SAR RADARSAT-2", 
      "description": "", 
      "mission": 1169, 
      "abbreviation": "SAR", 
      "operator_abbreviation": "SAR-RS2", 
      "has_data": false
    }
  }, 
  {
    "pk": 6, 
    "model": "catalogue.missionsensor", 
    "fields": {
      "is_radar": false, 
      "name": "Spot 1,2,3 HRV Xs", 
      "description": "", 
      "mission": 15, 
      "abbreviation": "Xs", 
      "operator_abbreviation": "Xs", 
      "has_data": true
    }
  }, 
  {
    "pk": 7, 
    "model": "catalogue.missionsensor", 
    "fields": {
      "is_radar": false, 
      "name": "Spot 4 G,R,NIR,SWIR", 
      "description": "", 
      "mission": 16, 
      "abbreviation": "Xi", 
      "operator_abbreviation": "Xi", 
      "has_data": true
    }
  }, 
  {
    "pk": 8, 
    "model": "catalogue.missionsensor", 
    "fields": {
      "is_radar": false, 
      "name": "Spot 4 Pan", 
      "description": "", 
      "mission": 16, 
      "abbreviation": "M", 
      "operator_abbreviation": "M", 
      "has_data": true
    }
  }, 
  {
    "pk": 9, 
    "model": "catalogue.missionsensor", 
    "fields": {
      "is_radar": false, 
      "name": "Spot 1,2,3 HRV Pan", 
      "description": "", 
      "mission": 15, 
      "abbreviation": "Pan", 
      "operator_abbreviation": "Pan", 
      "has_data": true
    }
  }, 
  {
    "pk": 28, 
    "model": "catalogue.missionsensor", 
    "fields": {
      "is_radar": true, 
      "name": "TSX-SAR TSX-1", 
      "description": "", 
      "mission": 34, 
      "abbreviation": "SAR", 
      "operator_abbreviation": "SAR-TSX1", 
      "has_data": false
    }
  }, 
  {
    "pk": 2640, 
    "model": "catalogue.sensortype", 
    "fields": {
      "abbreviation": "VIT", 
      "mission_sensor": 1, 
      "name": "Visual, Near Infrared, Short Wave Infrared and Thermal", 
      "operator_abbreviation": "VisNirSwirTh", 
      "is_taskable": true
    }
  }, 
  {
    "pk": 2641, 
    "model": "catalogue.sensortype", 
    "fields": {
      "abbreviation": "STM", 
      "mission_sensor": 2, 
      "name": "Strip Map C Band", 
      "operator_abbreviation": "STM-C", 
      "is_taskable": true
    }
  }, 
  {
    "pk": 2642, 
    "model": "catalogue.sensortype", 
    "fields": {
      "abbreviation": "HRF", 
      "mission_sensor": 3, 
      "name": "Multispectral", 
      "operator_abbreviation": "HRF", 
      "is_taskable": true
    }
  }, 
  {
    "pk": 2643, 
    "model": "catalogue.sensortype", 
    "fields": {
      "abbreviation": "HTM", 
      "mission_sensor": 3, 
      "name": "Thermal", 
      "operator_abbreviation": "HTM", 
      "is_taskable": true
    }
  }, 
  {
    "pk": 2644, 
    "model": "catalogue.sensortype", 
    "fields": {
      "abbreviation": "HRF", 
      "mission_sensor": 1560, 
      "name": "Multispectral", 
      "operator_abbreviation": "HRF", 
      "is_taskable": true
    }
  }, 
  {
    "pk": 2645, 
    "model": "catalogue.sensortype", 
    "fields": {
      "abbreviation": "HTM", 
      "mission_sensor": 1560, 
      "name": "Thermal", 
      "operator_abbreviation": "HTM", 
      "is_taskable": true
    }
  }, 
  {
    "pk": 2646, 
    "model": "catalogue.sensortype", 
    "fields": {
      "abbreviation": "VNI", 
      "mission_sensor": 4, 
      "name": "Visual, Near Infrared", 
      "operator_abbreviation": "VisNir", 
      "is_taskable": true
    }
  }, 
  {
    "pk": 2647, 
    "model": "catalogue.sensortype", 
    "fields": {
      "abbreviation": "VNI", 
      "mission_sensor": 1561, 
      "name": "Visual, Near Infrared", 
      "operator_abbreviation": "VisNir", 
      "is_taskable": true
    }
  }, 
  {
    "pk": 2648, 
    "model": "catalogue.sensortype", 
    "fields": {
      "abbreviation": "VNI", 
      "mission_sensor": 1562, 
      "name": "Visual, Near Infrared", 
      "operator_abbreviation": "VisNir", 
      "is_taskable": true
    }
  }, 
  {
    "pk": 2649, 
    "model": "catalogue.sensortype", 
    "fields": {
      "abbreviation": "VNT", 
      "mission_sensor": 1562, 
      "name": "Visual, Near Infrared, Thermal", 
      "operator_abbreviation": "VisNirTh", 
      "is_taskable": true
    }
  }, 
  {
    "pk": 2650, 
    "model": "catalogue.sensortype", 
    "fields": {
      "abbreviation": "VNI", 
      "mission_sensor": 1563, 
      "name": "Visual, Near Infrared", 
      "operator_abbreviation": "VisNir", 
      "is_taskable": true
    }
  }, 
  {
    "pk": 2651, 
    "model": "catalogue.sensortype", 
    "fields": {
      "abbreviation": "VNI", 
      "mission_sensor": 1564, 
      "name": "Visual, Near Infrared", 
      "operator_abbreviation": "VisNir", 
      "is_taskable": true
    }
  }, 
  {
    "pk": 2652, 
    "model": "catalogue.sensortype", 
    "fields": {
      "abbreviation": "HPN", 
      "mission_sensor": 5, 
      "name": "Panchromatic", 
      "operator_abbreviation": "HPN", 
      "is_taskable": true
    }
  }, 
  {
    "pk": 2653, 
    "model": "catalogue.sensortype", 
    "fields": {
      "abbreviation": "HRF", 
      "mission_sensor": 5, 
      "name": "Multispectral", 
      "operator_abbreviation": "HRF", 
      "is_taskable": true
    }
  }, 
  {
    "pk": 2654, 
    "model": "catalogue.sensortype", 
    "fields": {
      "abbreviation": "HPM", 
      "mission_sensor": 5, 
      "name": "Pansharpened Multispectral", 
      "operator_abbreviation": "HPM", 
      "is_taskable": true
    }
  }, 
  {
    "pk": 2655, 
    "model": "catalogue.sensortype", 
    "fields": {
      "abbreviation": "HTM", 
      "mission_sensor": 5, 
      "name": "Thermal", 
      "operator_abbreviation": "HTM", 
      "is_taskable": true
    }
  }, 
  {
    "pk": 2656, 
    "model": "catalogue.sensortype", 
    "fields": {
      "abbreviation": "XS", 
      "mission_sensor": 1565, 
      "name": "Visual, NearInfrared,", 
      "operator_abbreviation": "Xs", 
      "is_taskable": true
    }
  }, 
  {
    "pk": 2657, 
    "model": "catalogue.sensortype", 
    "fields": {
      "abbreviation": "P", 
      "mission_sensor": 1565, 
      "name": "Panchromatic", 
      "operator_abbreviation": "P", 
      "is_taskable": true
    }
  }, 
  {
    "pk": 2658, 
    "model": "catalogue.sensortype", 
    "fields": {
      "abbreviation": "XSP", 
      "mission_sensor": 1565, 
      "name": "Pansharpened Visual, NearInfrared,", 
      "operator_abbreviation": "XsP", 
      "is_taskable": true
    }
  }, 
  {
    "pk": 2659, 
    "model": "catalogue.sensortype", 
    "fields": {
      "abbreviation": "XS", 
      "mission_sensor": 1566, 
      "name": "Visual, NearInfrared,", 
      "operator_abbreviation": "Xs", 
      "is_taskable": true
    }
  }, 
  {
    "pk": 2660, 
    "model": "catalogue.sensortype", 
    "fields": {
      "abbreviation": "P", 
      "mission_sensor": 1566, 
      "name": "Panchromatic", 
      "operator_abbreviation": "P", 
      "is_taskable": true
    }
  }, 
  {
    "pk": 2661, 
    "model": "catalogue.sensortype", 
    "fields": {
      "abbreviation": "XSP", 
      "mission_sensor": 1566, 
      "name": "Pansharpened Visual, NearInfrared,", 
      "operator_abbreviation": "XsP", 
      "is_taskable": true
    }
  }, 
  {
    "pk": 2662, 
    "model": "catalogue.sensortype", 
    "fields": {
      "abbreviation": "XS", 
      "mission_sensor": 1567, 
      "name": "Visual, NearInfrared,", 
      "operator_abbreviation": "Xs", 
      "is_taskable": true
    }
  }, 
  {
    "pk": 2663, 
    "model": "catalogue.sensortype", 
    "fields": {
      "abbreviation": "P", 
      "mission_sensor": 1567, 
      "name": "Panchromatic", 
      "operator_abbreviation": "P", 
      "is_taskable": true
    }
  }, 
  {
    "pk": 2664, 
    "model": "catalogue.sensortype", 
    "fields": {
      "abbreviation": "XSP", 
      "mission_sensor": 1567, 
      "name": "Pansharpened Visual, NearInfrared,", 
      "operator_abbreviation": "XsP", 
      "is_taskable": true
    }
  }, 
  {
    "pk": 2665, 
    "model": "catalogue.sensortype", 
    "fields": {
      "abbreviation": "XI", 
      "mission_sensor": 1568, 
      "name": "Visual, NearInfrared, SWIR", 
      "operator_abbreviation": "Xi", 
      "is_taskable": true
    }
  }, 
  {
    "pk": 2666, 
    "model": "catalogue.sensortype", 
    "fields": {
      "abbreviation": "XS", 
      "mission_sensor": 1568, 
      "name": "Visual, NearInfrared", 
      "operator_abbreviation": "Xs", 
      "is_taskable": true
    }
  }, 
  {
    "pk": 2667, 
    "model": "catalogue.sensortype", 
    "fields": {
      "abbreviation": "M", 
      "mission_sensor": 1568, 
      "name": "Monospectral", 
      "operator_abbreviation": "M", 
      "is_taskable": true
    }
  }, 
  {
    "pk": 2668, 
    "model": "catalogue.sensortype", 
    "fields": {
      "abbreviation": "XIM", 
      "mission_sensor": 1568, 
      "name": "Pansharpened Visual, NearInfrared, SWIR", 
      "operator_abbreviation": "XiM", 
      "is_taskable": true
    }
  }, 
  {
    "pk": 2669, 
    "model": "catalogue.sensortype", 
    "fields": {
      "abbreviation": "XSM", 
      "mission_sensor": 1568, 
      "name": "Pansharpened Visual, NearInfrared,", 
      "operator_abbreviation": "XsM", 
      "is_taskable": true
    }
  }, 
  {
    "pk": 2670, 
    "model": "catalogue.sensortype", 
    "fields": {
      "abbreviation": "XI", 
      "mission_sensor": 1569, 
      "name": "Visual, NearInfrared, SWIR", 
      "operator_abbreviation": "Xi", 
      "is_taskable": true
    }
  }, 
  {
    "pk": 2671, 
    "model": "catalogue.sensortype", 
    "fields": {
      "abbreviation": "A", 
      "mission_sensor": 10, 
      "name": "Panchromatic", 
      "operator_abbreviation": "A", 
      "is_taskable": true
    }
  }, 
  {
    "pk": 2672, 
    "model": "catalogue.sensortype", 
    "fields": {
      "abbreviation": "B", 
      "mission_sensor": 10, 
      "name": "Panchromatic", 
      "operator_abbreviation": "B", 
      "is_taskable": true
    }
  }, 
  {
    "pk": 2673, 
    "model": "catalogue.sensortype", 
    "fields": {
      "abbreviation": "J", 
      "mission_sensor": 10, 
      "name": "Visual, NearInfrared, SWIR", 
      "operator_abbreviation": "J", 
      "is_taskable": true
    }
  }, 
  {
    "pk": 2674, 
    "model": "catalogue.sensortype", 
    "fields": {
      "abbreviation": "X", 
      "mission_sensor": 10, 
      "name": "Visual, NearInfrared", 
      "operator_abbreviation": "X", 
      "is_taskable": true
    }
  }, 
  {
    "pk": 2675, 
    "model": "catalogue.sensortype", 
    "fields": {
      "abbreviation": "T", 
      "mission_sensor": 10, 
      "name": "Supersampled Panchromatic", 
      "operator_abbreviation": "T", 
      "is_taskable": true
    }
  }, 
  {
    "pk": 2676, 
    "model": "catalogue.sensortype", 
    "fields": {
      "abbreviation": "JA", 
      "mission_sensor": 10, 
      "name": "Pansharpened Visual, NearInfrared, SWIR", 
      "operator_abbreviation": "JA", 
      "is_taskable": true
    }
  }, 
  {
    "pk": 2677, 
    "model": "catalogue.sensortype", 
    "fields": {
      "abbreviation": "JB", 
      "mission_sensor": 10, 
      "name": "Pansharpened Visual, NearInfrared, SWIR", 
      "operator_abbreviation": "JB", 
      "is_taskable": true
    }
  }, 
  {
    "pk": 2678, 
    "model": "catalogue.sensortype", 
    "fields": {
      "abbreviation": "JT", 
      "mission_sensor": 10, 
      "name": "Supersampled Pansharpened Visual NearInfrared, SWIR", 
      "operator_abbreviation": "JT", 
      "is_taskable": true
    }
  }, 
  {
    "pk": 2679, 
    "model": "catalogue.sensortype", 
    "fields": {
      "abbreviation": "XA", 
      "mission_sensor": 10, 
      "name": "Pansharpened Visual, NearInfrared", 
      "operator_abbreviation": "XA", 
      "is_taskable": true
    }
  }, 
  {
    "pk": 2680, 
    "model": "catalogue.sensortype", 
    "fields": {
      "abbreviation": "XB", 
      "mission_sensor": 10, 
      "name": "Pansharpened Visual, NearInfrared", 
      "operator_abbreviation": "XB", 
      "is_taskable": true
    }
  }, 
  {
    "pk": 2681, 
    "model": "catalogue.sensortype", 
    "fields": {
      "abbreviation": "XT", 
      "mission_sensor": 10, 
      "name": "Supersampled Pansharpened Visual NearInfrared", 
      "operator_abbreviation": "XT", 
      "is_taskable": true
    }
  }, 
  {
    "pk": 2682, 
    "model": "catalogue.sensortype", 
    "fields": {
      "abbreviation": "S", 
      "mission_sensor": 1570, 
      "name": "Panchromatic Stereo", 
      "operator_abbreviation": "S", 
      "is_taskable": true
    }
  }, 
  {
    "pk": 2683, 
    "model": "catalogue.sensortype", 
    "fields": {
      "abbreviation": "XI", 
      "mission_sensor": 1571, 
      "name": "Visual, Near Infrared, SWIR", 
      "operator_abbreviation": "Xi", 
      "is_taskable": true
    }
  }, 
  {
    "pk": 2684, 
    "model": "catalogue.sensortype", 
    "fields": {
      "abbreviation": "STM", 
      "mission_sensor": 1572, 
      "name": "Strip Map C Band", 
      "operator_abbreviation": "STM-C", 
      "is_taskable": true
    }
  }, 
  {
    "pk": 2685, 
    "model": "catalogue.sensortype", 
    "fields": {
      "abbreviation": "VNI", 
      "mission_sensor": 1573, 
      "name": "Visual, Near Infrared", 
      "operator_abbreviation": "VisNir", 
      "is_taskable": true
    }
  }, 
  {
    "pk": 2686, 
    "model": "catalogue.sensortype", 
    "fields": {
      "abbreviation": "VNI", 
      "mission_sensor": 1574, 
      "name": "Visual, Near Infrared", 
      "operator_abbreviation": "VisNir", 
      "is_taskable": true
    }
  }, 
  {
    "pk": 2687, 
    "model": "catalogue.sensortype", 
    "fields": {
      "abbreviation": "VNI", 
      "mission_sensor": 1575, 
      "name": "Visual, Near Infrared", 
      "operator_abbreviation": "VisNir", 
      "is_taskable": true
    }
  }, 
  {
    "pk": 2688, 
    "model": "catalogue.sensortype", 
    "fields": {
      "abbreviation": "GRN", 
      "mission_sensor": 14, 
      "name": "Green, Red, Near Infrared", 
      "operator_abbreviation": "GRNir", 
      "is_taskable": true
    }
  }, 
  {
    "pk": 2689, 
    "model": "catalogue.sensortype", 
    "fields": {
      "abbreviation": "5BF", 
      "mission_sensor": 14, 
      "name": "Visual, Near Infrared, Pan", 
      "operator_abbreviation": "VisNirP", 
      "is_taskable": true
    }
  }, 
  {
    "pk": 2690, 
    "model": "catalogue.sensortype", 
    "fields": {
      "abbreviation": "BRP", 
      "mission_sensor": 14, 
      "name": "Blue, Red, Panchromatic", 
      "operator_abbreviation": "BRP", 
      "is_taskable": true
    }
  }, 
  {
    "pk": 2691, 
    "model": "catalogue.sensortype", 
    "fields": {
      "abbreviation": "PAN", 
      "mission_sensor": 1576, 
      "name": "Panchromatic", 
      "operator_abbreviation": "PAN", 
      "is_taskable": true
    }
  }, 
  {
    "pk": 2692, 
    "model": "catalogue.sensortype", 
    "fields": {
      "abbreviation": "RNI", 
      "mission_sensor": 1577, 
      "name": "Red, Near Infrared", 
      "operator_abbreviation": "RNIR", 
      "is_taskable": true
    }
  }, 
  {
    "pk": 2693, 
    "model": "catalogue.sensortype", 
    "fields": {
      "abbreviation": "RGB", 
      "mission_sensor": 1578, 
      "name": "Visual True Colour", 
      "operator_abbreviation": "RGB", 
      "is_taskable": true
    }
  }, 
  {
    "pk": 6, 
    "model": "catalogue.sensortype", 
    "fields": {
      "abbreviation": "R3B", 
      "mission_sensor": 13, 
      "name": "Red, RedEdge, NIR", 
      "operator_abbreviation": "R3B", 
      "is_taskable": true
    }
  }, 
  {
    "pk": 2694, 
    "model": "catalogue.sensortype", 
    "fields": {
      "abbreviation": "PAN", 
      "mission_sensor": 1579, 
      "name": "Panchromatic", 
      "operator_abbreviation": "PAN", 
      "is_taskable": true
    }
  }, 
  {
    "pk": 2695, 
    "model": "catalogue.sensortype", 
    "fields": {
      "abbreviation": "GRN", 
      "mission_sensor": 1579, 
      "name": "Green, Red, Near Infrared", 
      "operator_abbreviation": "GRNir", 
      "is_taskable": true
    }
  }, 
  {
    "pk": 2696, 
    "model": "catalogue.sensortype", 
    "fields": {
      "abbreviation": "GRN", 
      "mission_sensor": 1580, 
      "name": "Green, Red, Near Infrared", 
      "operator_abbreviation": "GRNir", 
      "is_taskable": true
    }
  }, 
  {
    "pk": 2697, 
    "model": "catalogue.sensortype", 
    "fields": {
      "abbreviation": "5BF", 
      "mission_sensor": 1580, 
      "name": "Visual, Near Infrared, Pan", 
      "operator_abbreviation": "VisNirP", 
      "is_taskable": true
    }
  }, 
  {
    "pk": 2698, 
    "model": "catalogue.sensortype", 
    "fields": {
      "abbreviation": "BRP", 
      "mission_sensor": 1580, 
      "name": "Blue, Red, Panchromatic", 
      "operator_abbreviation": "BRP", 
      "is_taskable": true
    }
  }, 
  {
    "pk": 2699, 
    "model": "catalogue.sensortype", 
    "fields": {
      "abbreviation": "NST", 
      "mission_sensor": 1581, 
      "name": "Near Infrared, Short Wave infrared, Thermal Infrared", 
      "operator_abbreviation": "NirSwirTh", 
      "is_taskable": true
    }
  }, 
  {
    "pk": 2700, 
    "model": "catalogue.sensortype", 
    "fields": {
      "abbreviation": "VNI", 
      "mission_sensor": 1582, 
      "name": "RGB, Near Infrared", 
      "operator_abbreviation": "RGBNir", 
      "is_taskable": true
    }
  }, 
  {
    "pk": 2701, 
    "model": "catalogue.sensortype", 
    "fields": {
      "abbreviation": "VNS", 
      "mission_sensor": 15, 
      "name": "RGB, Near Infrared, Short Wave infrared", 
      "operator_abbreviation": "VisNirSwir", 
      "is_taskable": true
    }
  }, 
  {
    "pk": 2702, 
    "model": "catalogue.sensortype", 
    "fields": {
      "abbreviation": "PAN", 
      "mission_sensor": 1583, 
      "name": "Panchromatic", 
      "operator_abbreviation": "PAN", 
      "is_taskable": true
    }
  }, 
  {
    "pk": 2703, 
    "model": "catalogue.sensortype", 
    "fields": {
      "abbreviation": "PAN", 
      "mission_sensor": 1584, 
      "name": "Panchromatic", 
      "operator_abbreviation": "PAN", 
      "is_taskable": true
    }
  }, 
  {
    "pk": 2704, 
    "model": "catalogue.sensortype", 
    "fields": {
      "abbreviation": "PAN", 
      "mission_sensor": 1585, 
      "name": "Panchromatic", 
      "operator_abbreviation": "PAN", 
      "is_taskable": true
    }
  }, 
  {
    "pk": 2705, 
    "model": "catalogue.sensortype", 
    "fields": {
      "abbreviation": "VNI", 
      "mission_sensor": 1585, 
      "name": "RGB, Near Infrared", 
      "operator_abbreviation": "VisNir", 
      "is_taskable": true
    }
  }, 
  {
    "pk": 2706, 
    "model": "catalogue.sensortype", 
    "fields": {
      "abbreviation": "M8B", 
      "mission_sensor": 1585, 
      "name": "Coastal, Blue, Green, Yellow, Red, RedEdge, Near-IR1, NearIR2", 
      "operator_abbreviation": "VisNir", 
      "is_taskable": true
    }
  }, 
  {
    "pk": 2707, 
    "model": "catalogue.sensortype", 
    "fields": {
      "abbreviation": "PVN", 
      "mission_sensor": 1585, 
      "name": "Pansharpened RGB, Near Infrared", 
      "operator_abbreviation": "PanVisNir", 
      "is_taskable": true
    }
  }, 
  {
    "pk": 2708, 
    "model": "catalogue.sensortype", 
    "fields": {
      "abbreviation": "P8B", 
      "mission_sensor": 1585, 
      "name": "Pansharpened Coastal, Blue, Green, Yellow, Red, RedEdge, Near-IR1, NearIR2", 
      "operator_abbreviation": "VisNir", 
      "is_taskable": true
    }
  }, 
  {
    "pk": 2709, 
    "model": "catalogue.sensortype", 
    "fields": {
      "abbreviation": "PAN", 
      "mission_sensor": 1586, 
      "name": "Panchromatic", 
      "operator_abbreviation": "PAN", 
      "is_taskable": true
    }
  }, 
  {
    "pk": 2710, 
    "model": "catalogue.sensortype", 
    "fields": {
      "abbreviation": "VNI", 
      "mission_sensor": 1586, 
      "name": "RGB, Near Infrared", 
      "operator_abbreviation": "VisNir", 
      "is_taskable": true
    }
  }, 
  {
    "pk": 2711, 
    "model": "catalogue.sensortype", 
    "fields": {
      "abbreviation": "PVN", 
      "mission_sensor": 1586, 
      "name": "Pansharpened RGB, Near Infrared", 
      "operator_abbreviation": "PanVisNir", 
      "is_taskable": true
    }
  }, 
  {
    "pk": 2712, 
    "model": "catalogue.sensortype", 
    "fields": {
      "abbreviation": "PAN", 
      "mission_sensor": 1587, 
      "name": "Panchromatic", 
      "operator_abbreviation": "Pan", 
      "is_taskable": true
    }
  }, 
  {
    "pk": 2713, 
    "model": "catalogue.sensortype", 
    "fields": {
      "abbreviation": "VNI", 
      "mission_sensor": 1587, 
      "name": "RGB, Near Infrared", 
      "operator_abbreviation": "VisNir", 
      "is_taskable": true
    }
  }, 
  {
    "pk": 2714, 
    "model": "catalogue.sensortype", 
    "fields": {
      "abbreviation": "PAN", 
      "mission_sensor": 1588, 
      "name": "Panchromatic", 
      "operator_abbreviation": "Pan", 
      "is_taskable": true
    }
  }, 
  {
    "pk": 2715, 
    "model": "catalogue.sensortype", 
    "fields": {
      "abbreviation": "VNI", 
      "mission_sensor": 1588, 
      "name": "RGB, Near Infrared", 
      "operator_abbreviation": "VisNir", 
      "is_taskable": true
    }
  }, 
  {
    "pk": 25, 
    "model": "catalogue.sensortype", 
    "fields": {
      "abbreviation": "HSS", 
      "mission_sensor": 28, 
      "name": "High Resolution Spot Light Single Polarisation", 
      "operator_abbreviation": "HighResSpotLightSingle", 
      "is_taskable": true
    }
  }, 
  {
    "pk": 24, 
    "model": "catalogue.sensortype", 
    "fields": {
      "abbreviation": "HSD", 
      "mission_sensor": 28, 
      "name": "High Resolution Spot Light Dual Polarisation", 
      "operator_abbreviation": "HighResSpotLightDual", 
      "is_taskable": true
    }
  }, 
  {
    "pk": 2716, 
    "model": "catalogue.sensortype", 
    "fields": {
      "abbreviation": "HS3", 
      "mission_sensor": 28, 
      "name": "High Resolution Spot Light 300 MHz", 
      "operator_abbreviation": "HS300", 
      "is_taskable": true
    }
  }, 
  {
    "pk": 21, 
    "model": "catalogue.sensortype", 
    "fields": {
      "abbreviation": "SLS", 
      "mission_sensor": 28, 
      "name": "Spot Light Single Polarisation", 
      "operator_abbreviation": "SpotLightSingle", 
      "is_taskable": true
    }
  }, 
  {
    "pk": 27, 
    "model": "catalogue.sensortype", 
    "fields": {
      "abbreviation": "SLD", 
      "mission_sensor": 28, 
      "name": "Spot Light Dual Polarisation", 
      "operator_abbreviation": "SpotLightDual", 
      "is_taskable": true
    }
  }, 
  {
    "pk": 23, 
    "model": "catalogue.sensortype", 
    "fields": {
      "abbreviation": "SMS", 
      "mission_sensor": 28, 
      "name": "Strip Map Single Polarisation", 
      "operator_abbreviation": "StripMapSingle", 
      "is_taskable": true
    }
  }, 
  {
    "pk": 22, 
    "model": "catalogue.sensortype", 
    "fields": {
      "abbreviation": "SMD", 
      "mission_sensor": 28, 
      "name": "Strip Map Dual Polarisation", 
      "operator_abbreviation": "StripMapDual", 
      "is_taskable": true
    }
  }, 
  {
    "pk": 2717, 
    "model": "catalogue.sensortype", 
    "fields": {
      "abbreviation": "SMQ", 
      "mission_sensor": 28, 
      "name": "Strip Map Quad Polarisation", 
      "operator_abbreviation": "StripMapQuad", 
      "is_taskable": true
    }
  }, 
  {
    "pk": 26, 
    "model": "catalogue.sensortype", 
    "fields": {
      "abbreviation": "SCS", 
      "mission_sensor": 28, 
      "name": "Scan SAR", 
      "operator_abbreviation": "ScanSAR", 
      "is_taskable": true
    }
  }, 
  {
    "pk": 2718, 
    "model": "catalogue.sensortype", 
    "fields": {
      "abbreviation": "HSS", 
      "mission_sensor": 1589, 
      "name": "High Resolution Spot Light Single Polarisation", 
      "operator_abbreviation": "HighResSpotLightSingle", 
      "is_taskable": true
    }
  }, 
  {
    "pk": 2719, 
    "model": "catalogue.sensortype", 
    "fields": {
      "abbreviation": "HSD", 
      "mission_sensor": 1589, 
      "name": "High Resolution Spot Light Dual Polarisation", 
      "operator_abbreviation": "HighResSpotLightDual", 
      "is_taskable": true
    }
  }, 
  {
    "pk": 2720, 
    "model": "catalogue.sensortype", 
    "fields": {
      "abbreviation": "HS3", 
      "mission_sensor": 1589, 
      "name": "High Resolution Spot Light 300 MHz", 
      "operator_abbreviation": "HS300", 
      "is_taskable": true
    }
  }, 
  {
    "pk": 2721, 
    "model": "catalogue.sensortype", 
    "fields": {
      "abbreviation": "SLS", 
      "mission_sensor": 1589, 
      "name": "Spot Light Single Polarisation", 
      "operator_abbreviation": "SpotLightSingle", 
      "is_taskable": true
    }
  }, 
  {
    "pk": 2722, 
    "model": "catalogue.sensortype", 
    "fields": {
      "abbreviation": "SLD", 
      "mission_sensor": 1589, 
      "name": "Spot Light Dual Polarisation", 
      "operator_abbreviation": "SpotLightDual", 
      "is_taskable": true
    }
  }, 
  {
    "pk": 2723, 
    "model": "catalogue.sensortype", 
    "fields": {
      "abbreviation": "SMS", 
      "mission_sensor": 1589, 
      "name": "Strip Map Single Polarisation", 
      "operator_abbreviation": "StripMapSingle", 
      "is_taskable": true
    }
  }, 
  {
    "pk": 1, 
    "model": "catalogue.sensortype", 
    "fields": {
      "abbreviation": "AVHR", 
      "mission_sensor": 1, 
      "name": "Advanced Very High Resolution Radiometer", 
      "operator_abbreviation": "AVHR", 
      "is_taskable": true
    }
  }, 
  {
    "pk": 2, 
    "model": "catalogue.sensortype", 
    "fields": {
      "abbreviation": "AMI", 
      "mission_sensor": 2, 
      "name": "AMI", 
      "operator_abbreviation": "AMI", 
      "is_taskable": true
    }
  }, 
  {
    "pk": 3, 
    "model": "catalogue.sensortype", 
    "fields": {
      "abbreviation": "MST", 
      "mission_sensor": 3, 
      "name": "Multispectral + Thermal", 
      "operator_abbreviation": "MST", 
      "is_taskable": true
    }
  }, 
  {
    "pk": 4, 
    "model": "catalogue.sensortype", 
    "fields": {
      "abbreviation": "CAM2", 
      "mission_sensor": 6, 
      "name": "Spot Camera 2", 
      "operator_abbreviation": "CAM2", 
      "is_taskable": true
    }
  }, 
  {
    "pk": 5, 
    "model": "catalogue.sensortype", 
    "fields": {
      "abbreviation": "CAM1", 
      "mission_sensor": 6, 
      "name": "Spot Camera 1", 
      "operator_abbreviation": "CAM1", 
      "is_taskable": true
    }
  }, 
  {
    "pk": 8, 
    "model": "catalogue.sensortype", 
    "fields": {
      "abbreviation": "RT", 
      "mission_sensor": 15, 
      "name": "RT", 
      "operator_abbreviation": "RT", 
      "is_taskable": true
    }
  }, 
  {
    "pk": 2724, 
    "model": "catalogue.sensortype", 
    "fields": {
      "abbreviation": "SMD", 
      "mission_sensor": 1589, 
      "name": "Strip Map Dual Polarisation", 
      "operator_abbreviation": "StripMapDual", 
      "is_taskable": true
    }
  }, 
  {
    "pk": 2725, 
    "model": "catalogue.sensortype", 
    "fields": {
      "abbreviation": "SMQ", 
      "mission_sensor": 1589, 
      "name": "Strip Map Quad Polarisation", 
      "operator_abbreviation": "StripMapQuad", 
      "is_taskable": true
    }
  }, 
  {
    "pk": 2726, 
    "model": "catalogue.sensortype", 
    "fields": {
      "abbreviation": "SCS", 
      "mission_sensor": 1589, 
      "name": "Scan SAR", 
      "operator_abbreviation": "ScanSAR", 
      "is_taskable": true
    }
  }, 
  {
    "pk": 2727, 
    "model": "catalogue.sensortype", 
    "fields": {
      "abbreviation": "VRN", 
      "mission_sensor": 1590, 
      "name": "RGB,RedEdge, Near Infrared", 
      "operator_abbreviation": "VisReNir", 
      "is_taskable": true
    }
  }, 
  {
    "pk": 2728, 
    "model": "catalogue.sensortype", 
    "fields": {
      "abbreviation": "VRN", 
      "mission_sensor": 1591, 
      "name": "RGB,RedEdge, Near Infrared", 
      "operator_abbreviation": "VisReNir", 
      "is_taskable": true
    }
  }, 
  {
    "pk": 2729, 
    "model": "catalogue.sensortype", 
    "fields": {
      "abbreviation": "VRN", 
      "mission_sensor": 1592, 
      "name": "RGB,RedEdge, Near Infrared", 
      "operator_abbreviation": "VisReNir", 
      "is_taskable": true
    }
  }, 
  {
    "pk": 2730, 
    "model": "catalogue.sensortype", 
    "fields": {
      "abbreviation": "VRN", 
      "mission_sensor": 1593, 
      "name": "RGB,RedEdge, Near Infrared", 
      "operator_abbreviation": "VisReNir", 
      "is_taskable": true
    }
  }, 
  {
    "pk": 2731, 
    "model": "catalogue.sensortype", 
    "fields": {
      "abbreviation": "VRN", 
      "mission_sensor": 1594, 
      "name": "RGB,RedEdge, Near Infrared", 
      "operator_abbreviation": "VisReNir", 
      "is_taskable": true
    }
  }, 
  {
    "pk": 2732, 
    "model": "catalogue.sensortype", 
    "fields": {
      "abbreviation": "F", 
      "mission_sensor": 1595, 
      "name": "Fine Beam", 
      "operator_abbreviation": "Fine", 
      "is_taskable": true
    }
  }, 
  {
    "pk": 2733, 
    "model": "catalogue.sensortype", 
    "fields": {
      "abbreviation": "S", 
      "mission_sensor": 1595, 
      "name": "Standard", 
      "operator_abbreviation": "Standard", 
      "is_taskable": true
    }
  }, 
  {
    "pk": 2734, 
    "model": "catalogue.sensortype", 
    "fields": {
      "abbreviation": "WF", 
      "mission_sensor": 1595, 
      "name": "Wide Swath", 
      "operator_abbreviation": "Wide", 
      "is_taskable": true
    }
  }, 
  {
    "pk": 2735, 
    "model": "catalogue.sensortype", 
    "fields": {
      "abbreviation": "SSN", 
      "mission_sensor": 1595, 
      "name": "Scan SAR Narrow Swath", 
      "operator_abbreviation": "ScanSAR-Narrow", 
      "is_taskable": true
    }
  }, 
  {
    "pk": 2736, 
    "model": "catalogue.sensortype", 
    "fields": {
      "abbreviation": "SSW", 
      "mission_sensor": 1595, 
      "name": "ScanSAR Wide Swath", 
      "operator_abbreviation": "ScanSAR-Wide", 
      "is_taskable": true
    }
  }, 
  {
    "pk": 2737, 
    "model": "catalogue.sensortype", 
    "fields": {
      "abbreviation": "EL", 
      "mission_sensor": 1595, 
      "name": "Extended Low Incidence Angle", 
      "operator_abbreviation": "Extended-Low", 
      "is_taskable": true
    }
  }, 
  {
    "pk": 2738, 
    "model": "catalogue.sensortype", 
    "fields": {
      "abbreviation": "EH", 
      "mission_sensor": 1595, 
      "name": "Extended High Incidence Angle", 
      "operator_abbreviation": "Extended-High", 
      "is_taskable": true
    }
  }, 
  {
    "pk": 2739, 
    "model": "catalogue.sensortype", 
    "fields": {
      "abbreviation": "SLA", 
      "mission_sensor": 1596, 
      "name": "Spot Light", 
      "operator_abbreviation": "Spotlight-A", 
      "is_taskable": true
    }
  }, 
  {
    "pk": 2740, 
    "model": "catalogue.sensortype", 
    "fields": {
      "abbreviation": "UF", 
      "mission_sensor": 1596, 
      "name": "Ultra Fine Beam", 
      "operator_abbreviation": "Ultra-Fine", 
      "is_taskable": true
    }
  }, 
  {
    "pk": 2741, 
    "model": "catalogue.sensortype", 
    "fields": {
      "abbreviation": "WUF", 
      "mission_sensor": 1596, 
      "name": "Wide Ultra Fine Beam", 
      "operator_abbreviation": "Wide-Ultra-Fine", 
      "is_taskable": true
    }
  }, 
  {
    "pk": 2742, 
    "model": "catalogue.sensortype", 
    "fields": {
      "abbreviation": "MF", 
      "mission_sensor": 1596, 
      "name": "Multi-Look Fine Beam", 
      "operator_abbreviation": "Multi-Look-Fine", 
      "is_taskable": true
    }
  }, 
  {
    "pk": 2743, 
    "model": "catalogue.sensortype", 
    "fields": {
      "abbreviation": "WMF", 
      "mission_sensor": 1596, 
      "name": "Wide Swath Multi-Look Fine Beam", 
      "operator_abbreviation": "Wide-Multi-Look-Fine", 
      "is_taskable": true
    }
  }, 
  {
    "pk": 2744, 
    "model": "catalogue.sensortype", 
    "fields": {
      "abbreviation": "F", 
      "mission_sensor": 1596, 
      "name": "Fine Beam", 
      "operator_abbreviation": "Fine", 
      "is_taskable": true
    }
  }, 
  {
    "pk": 2746, 
    "model": "catalogue.sensortype", 
    "fields": {
      "abbreviation": "S", 
      "mission_sensor": 1596, 
      "name": "Standard Beam and Swath", 
      "operator_abbreviation": "Standard", 
      "is_taskable": true
    }
  }, 
  {
    "pk": 2747, 
    "model": "catalogue.sensortype", 
    "fields": {
      "abbreviation": "WF", 
      "mission_sensor": 1596, 
      "name": "Wide Swath", 
      "operator_abbreviation": "Wide", 
      "is_taskable": true
    }
  }, 
  {
    "pk": 2748, 
    "model": "catalogue.sensortype", 
    "fields": {
      "abbreviation": "SSN", 
      "mission_sensor": 1596, 
      "name": "ScanSAR Narrow Swath", 
      "operator_abbreviation": "ScanSAR-Narrow", 
      "is_taskable": true
    }
  }, 
  {
    "pk": 2749, 
    "model": "catalogue.sensortype", 
    "fields": {
      "abbreviation": "SSW", 
      "mission_sensor": 1596, 
      "name": "ScanSAR Wide Swath", 
      "operator_abbreviation": "ScanSAR-Wide", 
      "is_taskable": true
    }
  }, 
  {
    "pk": 2750, 
    "model": "catalogue.sensortype", 
    "fields": {
      "abbreviation": "EH", 
      "mission_sensor": 1596, 
      "name": "Extended High Incidence Angle", 
      "operator_abbreviation": "Extended-High", 
      "is_taskable": true
    }
  }, 
  {
    "pk": 2751, 
    "model": "catalogue.sensortype", 
    "fields": {
      "abbreviation": "EL", 
      "mission_sensor": 1596, 
      "name": "Extended Low Incidence Angle", 
      "operator_abbreviation": "Extended-Low", 
      "is_taskable": true
    }
  }, 
  {
    "pk": 2752, 
    "model": "catalogue.sensortype", 
    "fields": {
      "abbreviation": "FQ", 
      "mission_sensor": 1596, 
      "name": "Fine Beam Quad Polarisation", 
      "operator_abbreviation": "Fine-Quad-Pol", 
      "is_taskable": true
    }
  }, 
  {
    "pk": 2753, 
    "model": "catalogue.sensortype", 
    "fields": {
      "abbreviation": "WFQ", 
      "mission_sensor": 1596, 
      "name": "Wide Swath Fine Beam Quad Polarisation", 
      "operator_abbreviation": "Wide-Fine-Quad-Pol", 
      "is_taskable": true
    }
  }, 
  {
    "pk": 2754, 
    "model": "catalogue.sensortype", 
    "fields": {
      "abbreviation": "SQ", 
      "mission_sensor": 1596, 
      "name": "Standard Beam and Swath Quad Polarisation", 
      "operator_abbreviation": "Standard-Quad-Pol", 
      "is_taskable": true
    }
  }, 
  {
    "pk": 2755, 
    "model": "catalogue.sensortype", 
    "fields": {
      "abbreviation": "WSQ", 
      "mission_sensor": 1596, 
      "name": "Wide Swath Standard Beam Quad Polarisation", 
      "operator_abbreviation": "Wide-Standard-Quad-Pol", 
      "is_taskable": true
    }
  }, 
  {
    "pk": 2756, 
    "model": "catalogue.sensortype", 
    "fields": {
      "abbreviation": "VNS", 
      "mission_sensor": 1597, 
      "name": "Visual, Near Infrared, SWIR", 
      "operator_abbreviation": "VisNirSwir", 
      "is_taskable": true
    }
  }, 
  {
    "pk": 2757, 
    "model": "catalogue.sensortype", 
    "fields": {
      "abbreviation": "VNI", 
      "mission_sensor": 1598, 
      "name": "Visual, Near Infrared", 
      "operator_abbreviation": "VisNir", 
      "is_taskable": true
    }
  }, 
  {
    "pk": 2758, 
    "model": "catalogue.sensortype", 
    "fields": {
      "abbreviation": "PAN", 
      "mission_sensor": 1598, 
      "name": "Panchromatic", 
      "operator_abbreviation": "Pan", 
      "is_taskable": true
    }
  }, 
  {
    "pk": 2759, 
    "model": "catalogue.sensortype", 
    "fields": {
      "abbreviation": "VNS", 
      "mission_sensor": 1599, 
      "name": "Visual, Near Infrared, SWIR", 
      "operator_abbreviation": "VisNirSwir", 
      "is_taskable": true
    }
  }, 
  {
    "pk": 2760, 
    "model": "catalogue.sensortype", 
    "fields": {
      "abbreviation": "VNS", 
      "mission_sensor": 1600, 
      "name": "Visual, Near Infrared, SWIR", 
      "operator_abbreviation": "VisNirSwir", 
      "is_taskable": true
    }
  }, 
  {
    "pk": 2761, 
    "model": "catalogue.sensortype", 
    "fields": {
      "abbreviation": "VNI", 
      "mission_sensor": 1601, 
      "name": "Visual, Near Infrared", 
      "operator_abbreviation": "VisNir", 
      "is_taskable": true
    }
  }, 
  {
    "pk": 2762, 
    "model": "catalogue.sensortype", 
    "fields": {
      "abbreviation": "PAN", 
      "mission_sensor": 1601, 
      "name": "Panchromatic", 
      "operator_abbreviation": "Pan", 
      "is_taskable": true
    }
  }, 
  {
    "pk": 2763, 
    "model": "catalogue.sensortype", 
    "fields": {
      "abbreviation": "VNS", 
      "mission_sensor": 1602, 
      "name": "Visual, Near Infrared, SWIR", 
      "operator_abbreviation": "VisNirSwir", 
      "is_taskable": true
    }
  }, 
  {
    "pk": 2764, 
    "model": "catalogue.sensortype", 
    "fields": {
      "abbreviation": "PAN", 
      "mission_sensor": 1603, 
      "name": "Panchromatic", 
      "operator_abbreviation": "Pan", 
      "is_taskable": true
    }
  }, 
  {
    "pk": 2765, 
    "model": "catalogue.sensortype", 
    "fields": {
      "abbreviation": "PAN", 
      "mission_sensor": 1604, 
      "name": "Panchromatic", 
      "operator_abbreviation": "Pan", 
      "is_taskable": true
    }
  }, 
  {
    "pk": 2766, 
    "model": "catalogue.sensortype", 
    "fields": {
      "abbreviation": "PTS", 
      "mission_sensor": 1605, 
      "name": "Panchromatic Triplet Stereo observation", 
      "operator_abbreviation": "PanTripletStereo", 
      "is_taskable": true
    }
  }, 
  {
    "pk": 2767, 
    "model": "catalogue.sensortype", 
    "fields": {
      "abbreviation": "PNB", 
      "mission_sensor": 1605, 
      "name": "Panchromatic Nadir and Back observation", 
      "operator_abbreviation": "PanNadirBack", 
      "is_taskable": true
    }
  }, 
  {
    "pk": 2768, 
    "model": "catalogue.sensortype", 
    "fields": {
      "abbreviation": "PND", 
      "mission_sensor": 1605, 
      "name": "Panchromatic Nadir observation", 
      "operator_abbreviation": "PanNadir", 
      "is_taskable": true
    }
  }, 
  {
    "pk": 2769, 
    "model": "catalogue.sensortype", 
    "fields": {
      "abbreviation": "VN", 
      "mission_sensor": 1606, 
      "name": "RGB Near-Infrared", 
      "operator_abbreviation": "TrueColourNir", 
      "is_taskable": true
    }
  }, 
  {
    "pk": 2770, 
    "model": "catalogue.sensortype", 
    "fields": {
      "abbreviation": "FR", 
      "mission_sensor": 1607, 
      "name": "Fine Resolution", 
      "operator_abbreviation": "FineResolution", 
      "is_taskable": true
    }
  }, 
  {
    "pk": 2771, 
    "model": "catalogue.sensortype", 
    "fields": {
      "abbreviation": "SCS", 
      "mission_sensor": 1607, 
      "name": "Scan SAR", 
      "operator_abbreviation": "ScanSar", 
      "is_taskable": true
    }
  }, 
  {
    "pk": 2772, 
    "model": "catalogue.sensortype", 
    "fields": {
      "abbreviation": "DD", 
      "mission_sensor": 1607, 
      "name": "Direkt Downlink", 
      "operator_abbreviation": "DirectDownlink", 
      "is_taskable": true
    }
  }, 
  {
    "pk": 2773, 
    "model": "catalogue.sensortype", 
    "fields": {
      "abbreviation": "PM", 
      "mission_sensor": 1607, 
      "name": "Polarimetric Mode", 
      "operator_abbreviation": "PolarimetricMode", 
      "is_taskable": true
    }
  }, 
  {
    "pk": 2774, 
    "model": "catalogue.sensortype", 
    "fields": {
      "abbreviation": "FR", 
      "mission_sensor": 1608, 
      "name": "Fine Resolution", 
      "operator_abbreviation": "FineResolution", 
      "is_taskable": true
    }
  }, 
  {
    "pk": 2775, 
    "model": "catalogue.sensortype", 
    "fields": {
      "abbreviation": "SCS", 
      "mission_sensor": 1608, 
      "name": "Scan SAR", 
      "operator_abbreviation": "ScanSar", 
      "is_taskable": true
    }
  }, 
  {
    "pk": 2776, 
    "model": "catalogue.sensortype", 
    "fields": {
      "abbreviation": "DD", 
      "mission_sensor": 1608, 
      "name": "Direkt Downlink", 
      "operator_abbreviation": "DirectDownlink", 
      "is_taskable": true
    }
  }, 
  {
    "pk": 2777, 
    "model": "catalogue.sensortype", 
    "fields": {
      "abbreviation": "PM", 
      "mission_sensor": 1608, 
      "name": "Polarimetric Mode", 
      "operator_abbreviation": "PolarimetricMode", 
      "is_taskable": true
    }
  }, 
  {
    "pk": 2778, 
    "model": "catalogue.sensortype", 
    "fields": {
      "abbreviation": "HST", 
      "mission_sensor": 1609, 
      "name": "Hyperspectral Thermal (Infrared) imagery", 
      "operator_abbreviation": "HyperspectralThermal", 
      "is_taskable": true
    }
  }, 
  {
    "pk": 2779, 
    "model": "catalogue.sensortype", 
    "fields": {
      "abbreviation": "VNI", 
      "mission_sensor": 1609, 
      "name": "Visible Near Infrared", 
      "operator_abbreviation": "VNIR", 
      "is_taskable": true
    }
  }, 
  {
    "pk": 2780, 
    "model": "catalogue.sensortype", 
    "fields": {
      "abbreviation": "RNI", 
      "mission_sensor": 1610, 
      "name": "Red Near Infrared", 
      "operator_abbreviation": "RedNir", 
      "is_taskable": true
    }
  }, 
  {
    "pk": 2781, 
    "model": "catalogue.sensortype", 
    "fields": {
      "abbreviation": "VNS", 
      "mission_sensor": 1610, 
      "name": "Visual, Near Infrared, SWIR", 
      "operator_abbreviation": "VisNirSwir", 
      "is_taskable": true
    }
  }, 
  {
    "pk": 2782, 
    "model": "catalogue.sensortype", 
    "fields": {
      "abbreviation": "TH", 
      "mission_sensor": 1610, 
      "name": "Thermal Infrared", 
      "operator_abbreviation": "Thermal", 
      "is_taskable": true
    }
  }, 
  {
    "pk": 2783, 
    "model": "catalogue.sensortype", 
    "fields": {
      "abbreviation": "VIT", 
      "mission_sensor": 1610, 
      "name": "Visual, Near Infrared, Short Wave Infrared and Thermal", 
      "operator_abbreviation": "VisNirSwirTh", 
      "is_taskable": true
    }
  }, 
  {
    "pk": 2784, 
    "model": "catalogue.sensortype", 
    "fields": {
      "abbreviation": "VIT", 
      "mission_sensor": 1611, 
      "name": "Visual, Near Infrared, Short Wave Infrared and Thermal", 
      "operator_abbreviation": "VisNirSwirTh", 
      "is_taskable": true
    }
  }, 
  {
    "pk": 2785, 
    "model": "catalogue.sensortype", 
    "fields": {
      "abbreviation": "VNI", 
      "mission_sensor": 1611, 
      "name": "Visual, Near Infrared, Near Infrared Back", 
      "operator_abbreviation": "VisNirNirB", 
      "is_taskable": true
    }
  }, 
  {
    "pk": 2786, 
    "model": "catalogue.sensortype", 
    "fields": {
      "abbreviation": "SWI", 
      "mission_sensor": 1611, 
      "name": "Short Wave infrared", 
      "operator_abbreviation": "SWIR", 
      "is_taskable": true
    }
  }, 
  {
    "pk": 2787, 
    "model": "catalogue.sensortype", 
    "fields": {
      "abbreviation": "TH", 
      "mission_sensor": 1611, 
      "name": "Thermal Infrared", 
      "operator_abbreviation": "Thermal", 
      "is_taskable": true
    }
  }, 
  {
    "pk": 2788, 
    "model": "catalogue.sensortype", 
    "fields": {
      "abbreviation": "VNI", 
      "mission_sensor": 1612, 
      "name": "Visible Near Infrared 9 Angles", 
      "operator_abbreviation": "VNIR", 
      "is_taskable": true
    }
  }, 
  {
    "pk": 2789, 
    "model": "catalogue.sensortype", 
    "fields": {
      "abbreviation": "RNI", 
      "mission_sensor": 1613, 
      "name": "Red Near Infrared", 
      "operator_abbreviation": "RedNir", 
      "is_taskable": true
    }
  }, 
  {
    "pk": 2790, 
    "model": "catalogue.sensortype", 
    "fields": {
      "abbreviation": "VNS", 
      "mission_sensor": 1613, 
      "name": "Visual, Near Infrared, SWIR", 
      "operator_abbreviation": "VisNirSwir", 
      "is_taskable": true
    }
  }, 
  {
    "pk": 2791, 
    "model": "catalogue.sensortype", 
    "fields": {
      "abbreviation": "TH", 
      "mission_sensor": 1613, 
      "name": "Thermal Infrared", 
      "operator_abbreviation": "Thermal", 
      "is_taskable": true
    }
  }, 
  {
    "pk": 2792, 
    "model": "catalogue.sensortype", 
    "fields": {
      "abbreviation": "VIT", 
      "mission_sensor": 1613, 
      "name": "Visual, Near Infrared, Short Wave Infrared and Thermal", 
      "operator_abbreviation": "VisNirSwirTh", 
      "is_taskable": true
    }
  }, 
  {
    "pk": 2793, 
    "model": "catalogue.sensortype", 
    "fields": {
      "abbreviation": "RNI", 
      "mission_sensor": 1614, 
      "name": "Red Near Infrared", 
      "operator_abbreviation": "RedNir", 
      "is_taskable": true
    }
  }, 
  {
    "pk": 2794, 
    "model": "catalogue.sensortype", 
    "fields": {
      "abbreviation": "VNS", 
      "mission_sensor": 1614, 
      "name": "Visual, Near Infrared, SWIR", 
      "operator_abbreviation": "VisNirSwir", 
      "is_taskable": true
    }
  }, 
  {
    "pk": 2795, 
    "model": "catalogue.sensortype", 
    "fields": {
      "abbreviation": "TH", 
      "mission_sensor": 1614, 
      "name": "Thermal Infrared", 
      "operator_abbreviation": "Thermal", 
      "is_taskable": true
    }
  }, 
  {
    "pk": 2796, 
    "model": "catalogue.sensortype", 
    "fields": {
      "abbreviation": "VIT", 
      "mission_sensor": 1614, 
      "name": "Visual, Near Infrared, Short Wave Infrared and Thermal", 
      "operator_abbreviation": "VisNirSwirTh", 
      "is_taskable": true
    }
  }, 
  {
    "pk": 2797, 
    "model": "catalogue.sensortype", 
    "fields": {
      "abbreviation": "PAN", 
      "mission_sensor": 1615, 
      "name": "Panchromatic", 
      "operator_abbreviation": "PAN", 
      "is_taskable": true
    }
  }, 
  {
    "pk": 2798, 
    "model": "catalogue.sensortype", 
    "fields": {
      "abbreviation": "VNI", 
      "mission_sensor": 1616, 
      "name": "Visible Near Infrared", 
      "operator_abbreviation": "VNIR", 
      "is_taskable": true
    }
  }, 
  {
    "pk": 7, 
    "model": "catalogue.sensortype", 
    "fields": {
      "abbreviation": "MSS", 
      "mission_sensor": 14, 
      "name": "Multispectral", 
      "operator_abbreviation": "MSS", 
      "is_taskable": true
    }
  }, 
  {
    "pk": 1, 
    "model": "catalogue.institution", 
    "fields": {
      "address1": "Hartebeeshoek", 
      "address2": "Gauteng", 
      "address3": "South Africa", 
      "name": "Satellite Applications Centre", 
      "post_code": "0000"
    }
  }, 
  {
    "pk": 12, 
    "model": "catalogue.institution", 
    "fields": {
      "address1": "", 
      "address2": "", 
      "address3": "", 
      "name": "Rapideye AG", 
      "post_code": ""
    }
  }, 
  {
    "pk": 27, 
    "model": "catalogue.institution", 
    "fields": {
      "address1": "", 
      "address2": "", 
      "address3": "", 
      "name": "Infoterra", 
      "post_code": ""
    }
  }, 
  {
    "pk": 31, 
    "model": "catalogue.institution", 
    "fields": {
      "address1": "", 
      "address2": "", 
      "address3": "", 
      "name": "LINFINITI", 
      "post_code": ""
    }
  }, 
  {
    "pk": 1, 
    "model": "catalogue.license", 
    "fields": {
      "type": 3, 
      "name": "SAC Commercial License", 
      "details": "SAC Commercial License"
    }
  }, 
  {
    "pk": 2, 
    "model": "catalogue.license", 
    "fields": {
      "type": 1, 
      "name": "SAC Free License", 
      "details": "SAC Free License"
    }
  }, 
  {
    "pk": 3, 
    "model": "catalogue.license", 
    "fields": {
      "type": 2, 
      "name": "SAC Partner License", 
      "details": "SAC Partner License"
    }
  }, 
  {
    "pk": 6, 
    "model": "catalogue.license", 
    "fields": {
      "type": 3, 
      "name": "CC-BY-SA", 
      "details": "CC-BY-SA"
    }
  }, 
  {
    "pk": 89, 
    "model": "catalogue.projection", 
    "fields": {
      "name": "ORBIT", 
      "epsg_code": 0
    }
  }, 
  {
    "pk": 86, 
    "model": "catalogue.projection", 
    "fields": {
      "name": "Geographic WGS84", 
      "epsg_code": 4326
    }
  }, 
  {
    "pk": 83, 
    "model": "catalogue.projection", 
    "fields": {
      "name": "UTM04N", 
      "epsg_code": 32604
    }
  }, 
  {
    "pk": 82, 
    "model": "catalogue.projection", 
    "fields": {
      "name": "UTM08N", 
      "epsg_code": 32608
    }
  }, 
  {
    "pk": 14, 
    "model": "catalogue.projection", 
    "fields": {
      "name": "UTM09N", 
      "epsg_code": 32609
    }
  }, 
  {
    "pk": 68, 
    "model": "catalogue.projection", 
    "fields": {
      "name": "UTM10N", 
      "epsg_code": 32610
    }
  }, 
  {
    "pk": 77, 
    "model": "catalogue.projection", 
    "fields": {
      "name": "UTM11N", 
      "epsg_code": 32611
    }
  }, 
  {
    "pk": 61, 
    "model": "catalogue.projection", 
    "fields": {
      "name": "UTM12N", 
      "epsg_code": 32612
    }
  }, 
  {
    "pk": 40, 
    "model": "catalogue.projection", 
    "fields": {
      "name": "UTM13N", 
      "epsg_code": 32613
    }
  }, 
  {
    "pk": 41, 
    "model": "catalogue.projection", 
    "fields": {
      "name": "UTM14N", 
      "epsg_code": 32614
    }
  }, 
  {
    "pk": 31, 
    "model": "catalogue.projection", 
    "fields": {
      "name": "UTM15N", 
      "epsg_code": 32615
    }
  }, 
  {
    "pk": 65, 
    "model": "catalogue.projection", 
    "fields": {
      "name": "UTM16N", 
      "epsg_code": 32616
    }
  }, 
  {
    "pk": 42, 
    "model": "catalogue.projection", 
    "fields": {
      "name": "UTM17N", 
      "epsg_code": 32617
    }
  }, 
  {
    "pk": 70, 
    "model": "catalogue.projection", 
    "fields": {
      "name": "UTM18N", 
      "epsg_code": 32618
    }
  }, 
  {
    "pk": 17, 
    "model": "catalogue.projection", 
    "fields": {
      "name": "UTM19N", 
      "epsg_code": 32619
    }
  }, 
  {
    "pk": 69, 
    "model": "catalogue.projection", 
    "fields": {
      "name": "UTM20N", 
      "epsg_code": 32620
    }
  }, 
  {
    "pk": 22, 
    "model": "catalogue.projection", 
    "fields": {
      "name": "UTM21N", 
      "epsg_code": 32621
    }
  }, 
  {
    "pk": 47, 
    "model": "catalogue.projection", 
    "fields": {
      "name": "UTM22N", 
      "epsg_code": 32622
    }
  }, 
  {
    "pk": 33, 
    "model": "catalogue.projection", 
    "fields": {
      "name": "UTM23N", 
      "epsg_code": 32623
    }
  }, 
  {
    "pk": 46, 
    "model": "catalogue.projection", 
    "fields": {
      "name": "UTM24N", 
      "epsg_code": 32624
    }
  }, 
  {
    "pk": 45, 
    "model": "catalogue.projection", 
    "fields": {
      "name": "UTM25N", 
      "epsg_code": 32625
    }
  }, 
  {
    "pk": 44, 
    "model": "catalogue.projection", 
    "fields": {
      "name": "UTM26N", 
      "epsg_code": 32626
    }
  }, 
  {
    "pk": 11, 
    "model": "catalogue.projection", 
    "fields": {
      "name": "UTM27N", 
      "epsg_code": 32627
    }
  }, 
  {
    "pk": 24, 
    "model": "catalogue.projection", 
    "fields": {
      "name": "UTM28N", 
      "epsg_code": 32628
    }
  }, 
  {
    "pk": 7, 
    "model": "catalogue.projection", 
    "fields": {
      "name": "UTM29N", 
      "epsg_code": 32629
    }
  }, 
  {
    "pk": 16, 
    "model": "catalogue.projection", 
    "fields": {
      "name": "UTM30N", 
      "epsg_code": 32630
    }
  }, 
  {
    "pk": 30, 
    "model": "catalogue.projection", 
    "fields": {
      "name": "UTM31N", 
      "epsg_code": 32631
    }
  }, 
  {
    "pk": 38, 
    "model": "catalogue.projection", 
    "fields": {
      "name": "UTM32N", 
      "epsg_code": 32632
    }
  }, 
  {
    "pk": 23, 
    "model": "catalogue.projection", 
    "fields": {
      "name": "UTM33N", 
      "epsg_code": 32633
    }
  }, 
  {
    "pk": 25, 
    "model": "catalogue.projection", 
    "fields": {
      "name": "UTM34N", 
      "epsg_code": 32634
    }
  }, 
  {
    "pk": 34, 
    "model": "catalogue.projection", 
    "fields": {
      "name": "UTM35N", 
      "epsg_code": 32635
    }
  }, 
  {
    "pk": 35, 
    "model": "catalogue.projection", 
    "fields": {
      "name": "UTM36N", 
      "epsg_code": 32636
    }
  }, 
  {
    "pk": 29, 
    "model": "catalogue.projection", 
    "fields": {
      "name": "UTM37N", 
      "epsg_code": 32637
    }
  }, 
  {
    "pk": 13, 
    "model": "catalogue.projection", 
    "fields": {
      "name": "UTM38N", 
      "epsg_code": 32638
    }
  }, 
  {
    "pk": 55, 
    "model": "catalogue.projection", 
    "fields": {
      "name": "UTM39N", 
      "epsg_code": 32639
    }
  }, 
  {
    "pk": 54, 
    "model": "catalogue.projection", 
    "fields": {
      "name": "UTM40N", 
      "epsg_code": 32640
    }
  }, 
  {
    "pk": 63, 
    "model": "catalogue.projection", 
    "fields": {
      "name": "UTM41N", 
      "epsg_code": 32641
    }
  }, 
  {
    "pk": 67, 
    "model": "catalogue.projection", 
    "fields": {
      "name": "UTM42N", 
      "epsg_code": 32642
    }
  }, 
  {
    "pk": 15, 
    "model": "catalogue.projection", 
    "fields": {
      "name": "UTM43N", 
      "epsg_code": 32643
    }
  }, 
  {
    "pk": 59, 
    "model": "catalogue.projection", 
    "fields": {
      "name": "UTM44N", 
      "epsg_code": 32644
    }
  }, 
  {
    "pk": 73, 
    "model": "catalogue.projection", 
    "fields": {
      "name": "UTM45N", 
      "epsg_code": 32645
    }
  }, 
  {
    "pk": 66, 
    "model": "catalogue.projection", 
    "fields": {
      "name": "UTM46N", 
      "epsg_code": 32646
    }
  }, 
  {
    "pk": 75, 
    "model": "catalogue.projection", 
    "fields": {
      "name": "UTM47N", 
      "epsg_code": 32647
    }
  }, 
  {
    "pk": 57, 
    "model": "catalogue.projection", 
    "fields": {
      "name": "UTM48N", 
      "epsg_code": 32648
    }
  }, 
  {
    "pk": 49, 
    "model": "catalogue.projection", 
    "fields": {
      "name": "UTM49N", 
      "epsg_code": 32649
    }
  }, 
  {
    "pk": 74, 
    "model": "catalogue.projection", 
    "fields": {
      "name": "UTM50N", 
      "epsg_code": 32650
    }
  }, 
  {
    "pk": 78, 
    "model": "catalogue.projection", 
    "fields": {
      "name": "UTM51N", 
      "epsg_code": 32651
    }
  }, 
  {
    "pk": 64, 
    "model": "catalogue.projection", 
    "fields": {
      "name": "UTM52N", 
      "epsg_code": 32652
    }
  }, 
  {
    "pk": 80, 
    "model": "catalogue.projection", 
    "fields": {
      "name": "UTM53N", 
      "epsg_code": 32653
    }
  }, 
  {
    "pk": 39, 
    "model": "catalogue.projection", 
    "fields": {
      "name": "UTM54N", 
      "epsg_code": 32654
    }
  }, 
  {
    "pk": 81, 
    "model": "catalogue.projection", 
    "fields": {
      "name": "UTM57N", 
      "epsg_code": 32657
    }
  }, 
  {
    "pk": 51, 
    "model": "catalogue.projection", 
    "fields": {
      "name": "UTM17S", 
      "epsg_code": 32717
    }
  }, 
  {
    "pk": 50, 
    "model": "catalogue.projection", 
    "fields": {
      "name": "UTM18S", 
      "epsg_code": 32718
    }
  }, 
  {
    "pk": 43, 
    "model": "catalogue.projection", 
    "fields": {
      "name": "UTM19S", 
      "epsg_code": 32719
    }
  }, 
  {
    "pk": 72, 
    "model": "catalogue.projection", 
    "fields": {
      "name": "UTM20S", 
      "epsg_code": 32720
    }
  }, 
  {
    "pk": 79, 
    "model": "catalogue.projection", 
    "fields": {
      "name": "UTM21S", 
      "epsg_code": 32721
    }
  }, 
  {
    "pk": 76, 
    "model": "catalogue.projection", 
    "fields": {
      "name": "UTM22S", 
      "epsg_code": 32722
    }
  }, 
  {
    "pk": 56, 
    "model": "catalogue.projection", 
    "fields": {
      "name": "UTM23S", 
      "epsg_code": 32723
    }
  }, 
  {
    "pk": 20, 
    "model": "catalogue.projection", 
    "fields": {
      "name": "UTM24S", 
      "epsg_code": 32724
    }
  }, 
  {
    "pk": 28, 
    "model": "catalogue.projection", 
    "fields": {
      "name": "UTM27S", 
      "epsg_code": 32727
    }
  }, 
  {
    "pk": 19, 
    "model": "catalogue.projection", 
    "fields": {
      "name": "UTM28S", 
      "epsg_code": 32728
    }
  }, 
  {
    "pk": 21, 
    "model": "catalogue.projection", 
    "fields": {
      "name": "UTM29S", 
      "epsg_code": 32729
    }
  }, 
  {
    "pk": 26, 
    "model": "catalogue.projection", 
    "fields": {
      "name": "UTM30S", 
      "epsg_code": 32730
    }
  }, 
  {
    "pk": 8, 
    "model": "catalogue.projection", 
    "fields": {
      "name": "UTM31S", 
      "epsg_code": 32731
    }
  }, 
  {
    "pk": 5, 
    "model": "catalogue.projection", 
    "fields": {
      "name": "UTM32S", 
      "epsg_code": 32732
    }
  }, 
  {
    "pk": 2, 
    "model": "catalogue.projection", 
    "fields": {
      "name": "UTM33S", 
      "epsg_code": 32733
    }
  }, 
  {
    "pk": 4, 
    "model": "catalogue.projection", 
    "fields": {
      "name": "UTM34S", 
      "epsg_code": 32734
    }
  }, 
  {
    "pk": 6, 
    "model": "catalogue.projection", 
    "fields": {
      "name": "UTM35S", 
      "epsg_code": 32735
    }
  }, 
  {
    "pk": 9, 
    "model": "catalogue.projection", 
    "fields": {
      "name": "UTM36S", 
      "epsg_code": 32736
    }
  }, 
  {
    "pk": 1, 
    "model": "catalogue.projection", 
    "fields": {
      "name": "UTM37S", 
      "epsg_code": 32737
    }
  }, 
  {
    "pk": 3, 
    "model": "catalogue.projection", 
    "fields": {
      "name": "UTM38S", 
      "epsg_code": 32738
    }
  }, 
  {
    "pk": 10, 
    "model": "catalogue.projection", 
    "fields": {
      "name": "UTM39S", 
      "epsg_code": 32739
    }
  }, 
  {
    "pk": 12, 
    "model": "catalogue.projection", 
    "fields": {
      "name": "UTM40S", 
      "epsg_code": 32740
    }
  }, 
  {
    "pk": 48, 
    "model": "catalogue.projection", 
    "fields": {
      "name": "UTM45S", 
      "epsg_code": 32745
    }
  }, 
  {
    "pk": 60, 
    "model": "catalogue.projection", 
    "fields": {
      "name": "UTM48S", 
      "epsg_code": 32748
    }
  }, 
  {
    "pk": 37, 
    "model": "catalogue.projection", 
    "fields": {
      "name": "UTM49S", 
      "epsg_code": 32749
    }
  }, 
  {
    "pk": 36, 
    "model": "catalogue.projection", 
    "fields": {
      "name": "UTM50S", 
      "epsg_code": 32750
    }
  }, 
  {
    "pk": 18, 
    "model": "catalogue.projection", 
    "fields": {
      "name": "UTM51S", 
      "epsg_code": 32751
    }
  }, 
  {
    "pk": 32, 
    "model": "catalogue.projection", 
    "fields": {
      "name": "UTM52S", 
      "epsg_code": 32752
    }
  }, 
  {
    "pk": 53, 
    "model": "catalogue.projection", 
    "fields": {
      "name": "UTM53S", 
      "epsg_code": 32753
    }
  }, 
  {
    "pk": 52, 
    "model": "catalogue.projection", 
    "fields": {
      "name": "UTM54S", 
      "epsg_code": 32754
    }
  }, 
  {
    "pk": 62, 
    "model": "catalogue.projection", 
    "fields": {
      "name": "UTM55S", 
      "epsg_code": 32755
    }
  }, 
  {
    "pk": 85, 
    "model": "catalogue.projection", 
    "fields": {
      "name": "UTM56S", 
      "epsg_code": 32756
    }
  }, 
  {
    "pk": 27, 
    "model": "catalogue.projection", 
    "fields": {
      "name": "UTM57S", 
      "epsg_code": 32757
    }
  }, 
  {
    "pk": 84, 
    "model": "catalogue.projection", 
    "fields": {
      "name": "UTM58S", 
      "epsg_code": 32758
    }
  }, 
  {
    "pk": 71, 
    "model": "catalogue.projection", 
    "fields": {
      "name": "UTM59S", 
      "epsg_code": 32759
    }
  }, 
  {
    "pk": 58, 
    "model": "catalogue.projection", 
    "fields": {
      "name": "UTM60S", 
      "epsg_code": 32760
    }
  }, 
  {
    "pk": 87, 
    "model": "catalogue.projection", 
    "fields": {
      "name": "Google Mercator", 
      "epsg_code": 900913
    }
  }, 
  {
    "pk": 1, 
    "model": "catalogue.processinglevel", 
    "fields": {
      "abbreviation": "2A", 
      "name": "Level 2A"
    }
  }, 
  {
    "pk": 2, 
    "model": "catalogue.processinglevel", 
    "fields": {
      "abbreviation": "1A", 
      "name": "Level 1A"
    }
  }, 
  {
    "pk": 3, 
    "model": "catalogue.processinglevel", 
    "fields": {
      "abbreviation": "1Ab", 
      "name": "Level 1Ab"
    }
  }, 
  {
    "pk": 4, 
    "model": "catalogue.processinglevel", 
    "fields": {
      "abbreviation": "1Aa", 
      "name": "Level 1Aa"
    }
  }, 
  {
    "pk": 12, 
    "model": "catalogue.processinglevel", 
    "fields": {
      "abbreviation": "3Aa", 
      "name": "Level 3Aa"
    }
  }, 
  {
    "pk": 13, 
    "model": "catalogue.processinglevel", 
    "fields": {
      "abbreviation": "3Ab", 
      "name": "Level 3Ab"
    }
  }, 
  {
    "pk": 14, 
    "model": "catalogue.processinglevel", 
    "fields": {
      "abbreviation": "3Ac", 
      "name": "Level 3Ac"
    }
  }, 
  {
    "pk": 15, 
    "model": "catalogue.processinglevel", 
    "fields": {
      "abbreviation": "3Ad", 
      "name": "Level 3Ad"
    }
  }, 
  {
    "pk": 16, 
    "model": "catalogue.processinglevel", 
    "fields": {
      "abbreviation": "3Ba", 
      "name": "Level 3Ba"
    }
  }, 
  {
    "pk": 17, 
    "model": "catalogue.processinglevel", 
    "fields": {
      "abbreviation": "3Bb", 
      "name": "Level 3Bb"
    }
  }, 
  {
    "pk": 18, 
    "model": "catalogue.processinglevel", 
    "fields": {
      "abbreviation": "4", 
      "name": "Level 4"
    }
  }, 
  {
    "pk": 23, 
    "model": "catalogue.processinglevel", 
    "fields": {
      "abbreviation": "1B", 
      "name": "Level 1B"
    }
  }, 
  {
    "pk": 1072, 
    "model": "catalogue.processinglevel", 
    "fields": {
      "abbreviation": "L0", 
      "name": "Data products are unprocessed telemetry data as received from the observing platform excluding communication artifacts introduced by ground system.(Source www.ngdc.noaa.gov)"
    }
  }, 
  {
    "pk": 1073, 
    "model": "catalogue.processinglevel", 
    "fields": {
      "abbreviation": "L1A", 
      "name": "Data products are telemetry data that have been extracted but not decommutated from level 0 and formatted into time-sequenced datasets for easier processing. Level 1a formats are NOAA's internal formats and are only used for NOAA processing. They only exi"
    }
  }, 
  {
    "pk": 1074, 
    "model": "catalogue.processinglevel", 
    "fields": {
      "abbreviation": "L1B", 
      "name": "Data products are discrete, instrument-specific datasets derived from level 1a containing unprocessed data at full resolution, time-referenced, and annotated with ancillary information including data quality indicators, calibration coefficients and georef"
    }
  }, 
  {
    "pk": 1075, 
    "model": "catalogue.processinglevel", 
    "fields": {
      "abbreviation": "L2", 
      "name": "Data products are derived geophysical variables at the same resolution and locations as the level 1 source data. (Source www.ngdc.noaa.gov)"
    }
  }, 
  {
    "pk": 1076, 
    "model": "catalogue.processinglevel", 
    "fields": {
      "abbreviation": "L3", 
      "name": "Data products are mapped on uniform space-time grid scales, usually with some completeness and consistency. (Source www.ngdc.noaa.gov)"
    }
  }, 
  {
    "pk": 1077, 
    "model": "catalogue.processinglevel", 
    "fields": {
      "abbreviation": "L4A", 
      "name": "Data products are model output or results from analysis of lower level data e.g.variables derived from multiple measurements. (Source www.ngdc.noaa.gov)"
    }
  }, 
  {
    "pk": 1078, 
    "model": "catalogue.processinglevel", 
    "fields": {
      "abbreviation": "L1Aa", 
      "name": "Single Look Complex Image. This is pre-processed but retains the data in complex (i.e. phase-preserving) form. The product is single-look (no speckle reduction) and in slant range. Full frame (SLCI) format. (Source Eurimage)"
    }
  }, 
  {
    "pk": 1079, 
    "model": "catalogue.processinglevel", 
    "fields": {
      "abbreviation": "L1Ab", 
      "name": "Single Look Complex Image. This is pre-processed but retains the data in complex (i.e. phase-preserving) form. The product is single-look (no speckle reduction) and in slant range. Quarter frame (SLCn) (Source Eurimage)"
    }
  }, 
  {
    "pk": 1080, 
    "model": "catalogue.processinglevel", 
    "fields": {
      "abbreviation": "L2A", 
      "name": "Precision Image (PRI). This is the standard product for most imaging-radar applications. It is the first product from which radar backscatter can be derived for geophysical modelling. No correction is applied for terrain-induced radiometric effects, the i"
    }
  }, 
  {
    "pk": 1081, 
    "model": "catalogue.processinglevel", 
    "fields": {
      "abbreviation": "L2B", 
      "name": "Ellipsoid Geocoded Image (GEC). This high level product precisely locates and rectifies the SAR image on a map projection. Radar backscatter can be derived for geophysical modelling. The scene measures 100 x 100 km and is rotated according to the map grid"
    }
  }, 
  {
    "pk": 1082, 
    "model": "catalogue.processinglevel", 
    "fields": {
      "abbreviation": "L3A", 
      "name": "Orthorectified Image (ORTHO). This high level product precisely locates and rectifies the SAR image on a map projection. Radar backscatter can be derived for geophysical modelling. The scene measures 100 x 100 km and is rotated according to the map grid. "
    }
  }, 
  {
    "pk": 1083, 
    "model": "catalogue.processinglevel", 
    "fields": {
      "abbreviation": "L4Ad", 
      "name": "Digital Surface Model (DSM). This is a interferrometrically derived Digital Surface Model."
    }
  }, 
  {
    "pk": 1084, 
    "model": "catalogue.processinglevel", 
    "fields": {
      "abbreviation": "L0A", 
      "name": "Raw Computer Compatible Format. This is the raw format of data with no callibration parameters or definitive orbit information imbedded used to exchange data between ground receiving stations."
    }
  }, 
  {
    "pk": 1085, 
    "model": "catalogue.processinglevel", 
    "fields": {
      "abbreviation": "L0Ra", 
      "name": "Imagery provided in acquisition strips with no Radiometric or Geometric corrections applied but containing Ancillary data to do the corrections. This is the archive processing level used by the USGS"
    }
  }, 
  {
    "pk": 1086, 
    "model": "catalogue.processinglevel", 
    "fields": {
      "abbreviation": "L0Rp", 
      "name": "Imagery provided in WRS scenes with no Radiometric or Geometric corrections applied but containing Ancillary data to do the corrections. This is the processing level used to exchange data to institutions that have a Landsat Product Generation System"
    }
  }, 
  {
    "pk": 1087, 
    "model": "catalogue.processinglevel", 
    "fields": {
      "abbreviation": "L2Aa", 
      "name": "Systematic Radio- and Geo-metric corrections applied. With poor positional accuracy due to the use of Predictive Ephemeris data and imagery orbit orientated."
    }
  }, 
  {
    "pk": 1088, 
    "model": "catalogue.processinglevel", 
    "fields": {
      "abbreviation": "L2Ab", 
      "name": "Systematic Radio- and Geo-metric corrections applied. With poor positional accuracy due to the use of Predictive Ephemeris data and imagery North Up / Map orientated."
    }
  }, 
  {
    "pk": 1089, 
    "model": "catalogue.processinglevel", 
    "fields": {
      "abbreviation": "L2Ba", 
      "name": "Systematic Radio- and Geo-metric corrections applied. With good positional accuracy due to the use of Definitive Ephemeris data and imagery orbit orientated."
    }
  }, 
  {
    "pk": 1090, 
    "model": "catalogue.processinglevel", 
    "fields": {
      "abbreviation": "L2Bb", 
      "name": "Systematic Radio- and Geo-metric corrections applied. With poor good positional accuracy due to the use of Definitive Ephemeris data and imagery North Up / Map orientated."
    }
  }, 
  {
    "pk": 1091, 
    "model": "catalogue.processinglevel", 
    "fields": {
      "abbreviation": "L3Aa", 
      "name": "Orthorectified imagery in 8Bit Digital Number (DN) values"
    }
  }, 
  {
    "pk": 1092, 
    "model": "catalogue.processinglevel", 
    "fields": {
      "abbreviation": "L3Ab", 
      "name": "Orthorectified imagery in signed 16Bit values converted to Top of Atmosphere / At Sensor Reflectance scaled to 10 000"
    }
  }, 
  {
    "pk": 1093, 
    "model": "catalogue.processinglevel", 
    "fields": {
      "abbreviation": "L3Ac", 
      "name": "Orthorectified imagery in signed 16Bit values converted to Top of Canopy / At Surface Reflectance scaled to 10 000 (this data is atmospherically corrected)"
    }
  }, 
  {
    "pk": 1094, 
    "model": "catalogue.processinglevel", 
    "fields": {
      "abbreviation": "L3At", 
      "name": "Orthorectified imagery in signed 16Bit values converted to Top of Atmosphere / At Sensor Reflectance scaled to 10 000 and radiometrically corrected for terrain  (shadow and sunny slopes) applying a topographic normalisation / solar correction"
    }
  }, 
  {
    "pk": 1095, 
    "model": "catalogue.processinglevel", 
    "fields": {
      "abbreviation": "L4Aa", 
      "name": "Thematic continuous ancillary data of relevance to an image"
    }
  }, 
  {
    "pk": 1096, 
    "model": "catalogue.processinglevel", 
    "fields": {
      "abbreviation": "L4Ab", 
      "name": "Thematic continuous image derivatives consisting of Bare or build-up indices"
    }
  }, 
  {
    "pk": 1097, 
    "model": "catalogue.processinglevel", 
    "fields": {
      "abbreviation": "L4Am", 
      "name": "Thematic continuous image derivatives consisting of Mathematical Transformations"
    }
  }, 
  {
    "pk": 1098, 
    "model": "catalogue.processinglevel", 
    "fields": {
      "abbreviation": "L4As", 
      "name": "Thematic continuous image derivatives consisting of Statistical calculations"
    }
  }, 
  {
    "pk": 1099, 
    "model": "catalogue.processinglevel", 
    "fields": {
      "abbreviation": "L4At", 
      "name": "Thematic continuous image derivatives consisting of Texture Parameters"
    }
  }, 
  {
    "pk": 1100, 
    "model": "catalogue.processinglevel", 
    "fields": {
      "abbreviation": "L4Av", 
      "name": "Thematic continuous image derivatives consisting of Vegetation Indices"
    }
  }, 
  {
    "pk": 1101, 
    "model": "catalogue.processinglevel", 
    "fields": {
      "abbreviation": "L4Aw", 
      "name": "Thematic continuous image derivatives consisting of Water and Moisture Indices"
    }
  }, 
  {
    "pk": 1102, 
    "model": "catalogue.processinglevel", 
    "fields": {
      "abbreviation": "L4Ax", 
      "name": "Thematic continuous image derivatives consisting of Time-Series or Metrics"
    }
  }, 
  {
    "pk": 1103, 
    "model": "catalogue.processinglevel", 
    "fields": {
      "abbreviation": "L4Af", 
      "name": "Thematic continuous image derivatives consisting of Spectral Rule Based Features including indices used for a Spectral Rule Based Classification"
    }
  }, 
  {
    "pk": 1104, 
    "model": "catalogue.processinglevel", 
    "fields": {
      "abbreviation": "L4Br", 
      "name": "Thematic ordinal image derivatives as raster layer consisting of L1 Spectral Rule Based Layers used in a classification"
    }
  }, 
  {
    "pk": 1105, 
    "model": "catalogue.processinglevel", 
    "fields": {
      "abbreviation": "L4Bc", 
      "name": "Thematic ordinal image derivatives as raster layer consisting of L2 Spectral Rule Based Layers used in a classification"
    }
  }, 
  {
    "pk": 1106, 
    "model": "catalogue.processinglevel", 
    "fields": {
      "abbreviation": "L4B", 
      "name": "Thematic ordinal image derivatives as raster layer representing classes"
    }
  }, 
  {
    "pk": 1107, 
    "model": "catalogue.processinglevel", 
    "fields": {
      "abbreviation": "L4C", 
      "name": "Thematic ordinal image derivatives as vector layer representing classes"
    }
  }, 
  {
    "pk": 1108, 
    "model": "catalogue.processinglevel", 
    "fields": {
      "abbreviation": "L3Ad", 
      "name": "Orthorectified imagery in 8Bit Digital Number (DN) values. This is a three band true colour product with a reconstructed blue and green band."
    }
  }, 
  {
    "pk": 1109, 
    "model": "catalogue.processinglevel", 
    "fields": {
      "abbreviation": "L3Ba", 
      "name": "Mosaic of orthorectified images"
    }
  }, 
  {
    "pk": 1110, 
    "model": "catalogue.processinglevel", 
    "fields": {
      "abbreviation": "L3Bb", 
      "name": "Mosaic of orthorectified images in \u00bc degree tiles"
    }
  }, 
  {
    "pk": 1111, 
    "model": "catalogue.processinglevel", 
    "fields": {
      "abbreviation": "L1P", 
      "name": "Ideal system corrected data in Orbit segment"
    }
  }, 
  {
    "pk": 1112, 
    "model": "catalogue.processinglevel", 
    "fields": {
      "abbreviation": "L3DS", 
      "name": "Daily Synthesis in Geographic Zone"
    }
  }, 
  {
    "pk": 1113, 
    "model": "catalogue.processinglevel", 
    "fields": {
      "abbreviation": "L3PS", 
      "name": "Period synthesis in Geographic Zone"
    }
  }, 
  {
    "pk": 1114, 
    "model": "catalogue.processinglevel", 
    "fields": {
      "abbreviation": "L3P4", 
      "name": "Degraded resolution 4km in Geographical Zone"
    }
  }, 
  {
    "pk": 1115, 
    "model": "catalogue.processinglevel", 
    "fields": {
      "abbreviation": "L3P8", 
      "name": "Degraded resolution 4km in Geographical Zone"
    }
  }, 
  {
    "pk": 1116, 
    "model": "catalogue.processinglevel", 
    "fields": {
      "abbreviation": "L2Bc", 
      "name": "Geocoded Ellipsoid Corrected. Since the ellipsoid correction does not use height information from a Digital Elevation Model (DEM) for geometric correction, the pixel location accuracy varies depending on the local Terrain. Radiometrically Enhanced is opti"
    }
  }, 
  {
    "pk": 1117, 
    "model": "catalogue.processinglevel", 
    "fields": {
      "abbreviation": "L2Bd", 
      "name": "Geocoded Ellipsoid Corrected. Since the ellipsoid correction does not use height information from a Digital Elevation Model (DEM) for geometric correction, the pixel location accuracy varies depending on the local Terrain. Radiometrically Enhanced is opti"
    }
  }, 
  {
    "pk": 1118, 
    "model": "catalogue.processinglevel", 
    "fields": {
      "abbreviation": "L3Ae", 
      "name": "Orthorectified Image with a highly accurate DEM,  Spatially Enhanced with the highest possible square ground resolution"
    }
  }, 
  {
    "pk": 1119, 
    "model": "catalogue.processinglevel", 
    "fields": {
      "abbreviation": "L3Af", 
      "name": "Orthorectified Image with a highly accurate DEM, Spatially Enhanced with the highest possible square ground resolution, Radiometrically Corrected"
    }
  }, 
  {
    "pk": 1120, 
    "model": "catalogue.processinglevel", 
    "fields": {
      "abbreviation": "L3Ag", 
      "name": "Orthorectified Image with a highly accurate DEM, Radiometrically Enhanced is optimized with respect to radiometry to the detriment of resolution"
    }
  }, 
  {
    "pk": 1121, 
    "model": "catalogue.processinglevel", 
    "fields": {
      "abbreviation": "L3Ah", 
      "name": "Orthorectified Image with a highly accurate DEM, Radiometrically Enhanced is optimized with respect to radiometry to the detriment of resolution, Radiometrically Normalised"
    }
  }, 
  {
    "pk": 1122, 
    "model": "catalogue.processinglevel", 
    "fields": {
      "abbreviation": "L2Ac", 
      "name": "ScanSAR Narrow beam product"
    }
  }, 
  {
    "pk": 1123, 
    "model": "catalogue.processinglevel", 
    "fields": {
      "abbreviation": "L2Ad", 
      "name": "ScanSAR Wide"
    }
  }, 
  {
    "pk": 1124, 
    "model": "catalogue.processinglevel", 
    "fields": {
      "abbreviation": "L1Ba", 
      "name": "L1B AMSU-A radiances"
    }
  }, 
  {
    "pk": 1125, 
    "model": "catalogue.processinglevel", 
    "fields": {
      "abbreviation": "L1Bb", 
      "name": "L1B HSB radiances"
    }
  }, 
  {
    "pk": 1126, 
    "model": "catalogue.processinglevel", 
    "fields": {
      "abbreviation": "L1Bc", 
      "name": "L1B AIRS radiances"
    }
  }, 
  {
    "pk": 1127, 
    "model": "catalogue.processinglevel", 
    "fields": {
      "abbreviation": "L1Bd", 
      "name": "L1B VIS radiances"
    }
  }, 
  {
    "pk": 1128, 
    "model": "catalogue.processinglevel", 
    "fields": {
      "abbreviation": "L1Be", 
      "name": "L1B AIRS QA"
    }
  }, 
  {
    "pk": 1129, 
    "model": "catalogue.processinglevel", 
    "fields": {
      "abbreviation": "L1Bf", 
      "name": "L1B VIS QA"
    }
  }, 
  {
    "pk": 1130, 
    "model": "catalogue.processinglevel", 
    "fields": {
      "abbreviation": "L3A8", 
      "name": "L3 8-day standard product. AIRS Level 3 products are a direct representation of the lower level datasets; the underlying geophysical values are retained in Level 3. In addition, counts and standard deviations are carried forth in the AIRS Level 3 products"
    }
  }, 
  {
    "pk": 1131, 
    "model": "catalogue.processinglevel", 
    "fields": {
      "abbreviation": "L3Am", 
      "name": "L3 monthly standard product. AIRS Level 3 products are a direct representation of the lower level datasets; the underlying geophysical values are retained in Level 3. In addition, counts and standard deviations are carried forth in the AIRS Level 3 produc"
    }
  }, 
  {
    "pk": 1132, 
    "model": "catalogue.processinglevel", 
    "fields": {
      "abbreviation": "09A1", 
      "name": "Surface Reflectance Bands 1\u20137 Tile 500m 8 Day composite"
    }
  }, 
  {
    "pk": 1133, 
    "model": "catalogue.processinglevel", 
    "fields": {
      "abbreviation": "09CM", 
      "name": "Surface Reflectance Bands 1\u20137 CMG 5600m Daily"
    }
  }, 
  {
    "pk": 1134, 
    "model": "catalogue.processinglevel", 
    "fields": {
      "abbreviation": "09GA", 
      "name": "Surface Reflectance Bands 1\u20137 Tile 500/1000m Daily"
    }
  }, 
  {
    "pk": 1135, 
    "model": "catalogue.processinglevel", 
    "fields": {
      "abbreviation": "09GQ", 
      "name": "Surface Reflectance Bands 1\u20132 Tile 250m Daily"
    }
  }, 
  {
    "pk": 1136, 
    "model": "catalogue.processinglevel", 
    "fields": {
      "abbreviation": "09Q1", 
      "name": "Surface Reflectance Bands 1\u20132 Tile 250m 8 Day"
    }
  }, 
  {
    "pk": 1137, 
    "model": "catalogue.processinglevel", 
    "fields": {
      "abbreviation": "11L2", 
      "name": "Land Surface Temperature & Emissivity Swath 1000m 5 Min"
    }
  }, 
  {
    "pk": 1138, 
    "model": "catalogue.processinglevel", 
    "fields": {
      "abbreviation": "11A1", 
      "name": "Land Surface Temperature & Emissivity Tile 1000m Daily"
    }
  }, 
  {
    "pk": 1139, 
    "model": "catalogue.processinglevel", 
    "fields": {
      "abbreviation": "11A2", 
      "name": "Land Surface Temperature & Emissivity Tile 1000m 8 Day"
    }
  }, 
  {
    "pk": 1140, 
    "model": "catalogue.processinglevel", 
    "fields": {
      "abbreviation": "11B1", 
      "name": "Land Surface Temperature & Emissivity Tile 6000m Daily"
    }
  }, 
  {
    "pk": 1141, 
    "model": "catalogue.processinglevel", 
    "fields": {
      "abbreviation": "11C1", 
      "name": "Land Surface Temperature & Emissivity CMG 5600m Daily"
    }
  }, 
  {
    "pk": 1142, 
    "model": "catalogue.processinglevel", 
    "fields": {
      "abbreviation": "11C2", 
      "name": "Land Surface Temperature & Emissivity CMG 5600m 8 Day"
    }
  }, 
  {
    "pk": 1143, 
    "model": "catalogue.processinglevel", 
    "fields": {
      "abbreviation": "11C3", 
      "name": "Land Surface Temperature & Emissivity CMG 5600m Monthly"
    }
  }, 
  {
    "pk": 1144, 
    "model": "catalogue.processinglevel", 
    "fields": {
      "abbreviation": "13A1", 
      "name": "Vegetation Indices Tile 500m 16 Day"
    }
  }, 
  {
    "pk": 1145, 
    "model": "catalogue.processinglevel", 
    "fields": {
      "abbreviation": "13A2", 
      "name": "Vegetation Indices Tile 1000m 16 Day"
    }
  }, 
  {
    "pk": 1146, 
    "model": "catalogue.processinglevel", 
    "fields": {
      "abbreviation": "13A3", 
      "name": "Vegetation Indices Tile 1000m Monthly"
    }
  }, 
  {
    "pk": 1147, 
    "model": "catalogue.processinglevel", 
    "fields": {
      "abbreviation": "13C1", 
      "name": "Vegetation Indices CMG 5600 m16 Day"
    }
  }, 
  {
    "pk": 1148, 
    "model": "catalogue.processinglevel", 
    "fields": {
      "abbreviation": "13C2", 
      "name": "Vegetation Indices CMG 5600m Monthly"
    }
  }, 
  {
    "pk": 1149, 
    "model": "catalogue.processinglevel", 
    "fields": {
      "abbreviation": "13Q1", 
      "name": "Vegetation Indices Tile 250m 16 Day"
    }
  }, 
  {
    "pk": 1150, 
    "model": "catalogue.processinglevel", 
    "fields": {
      "abbreviation": "14", 
      "name": "Thermal Anomalies & Fire Swath 1000m 5 Min"
    }
  }, 
  {
    "pk": 1151, 
    "model": "catalogue.processinglevel", 
    "fields": {
      "abbreviation": "14A1", 
      "name": "Thermal Anomalies & Fire Tile 1000m Daily"
    }
  }, 
  {
    "pk": 1152, 
    "model": "catalogue.processinglevel", 
    "fields": {
      "abbreviation": "14A2", 
      "name": "Thermal Anomalies & Fire Tile 1000m 8 Day"
    }
  }, 
  {
    "pk": 1153, 
    "model": "catalogue.processinglevel", 
    "fields": {
      "abbreviation": "15A2", 
      "name": "Leaf Area Index \u2013 FPAR Tile 1000m 8 Day"
    }
  }, 
  {
    "pk": 1154, 
    "model": "catalogue.processinglevel", 
    "fields": {
      "abbreviation": "17A2", 
      "name": "Gross Primary Productivity Tile 1000m 8 Day"
    }
  }, 
  {
    "pk": 1155, 
    "model": "catalogue.processinglevel", 
    "fields": {
      "abbreviation": "206V", 
      "name": "Decorrelation stretch -VNIR"
    }
  }, 
  {
    "pk": 1156, 
    "model": "catalogue.processinglevel", 
    "fields": {
      "abbreviation": "206S", 
      "name": "Decorrelation stretch -SWIR"
    }
  }, 
  {
    "pk": 1157, 
    "model": "catalogue.processinglevel", 
    "fields": {
      "abbreviation": "206T", 
      "name": "Decorrelation stretch -TIR"
    }
  }, 
  {
    "pk": 1158, 
    "model": "catalogue.processinglevel", 
    "fields": {
      "abbreviation": "204", 
      "name": "Brightness temperature"
    }
  }, 
  {
    "pk": 1159, 
    "model": "catalogue.processinglevel", 
    "fields": {
      "abbreviation": "207", 
      "name": "Surface reflectance VNIR,SWIR"
    }
  }, 
  {
    "pk": 1160, 
    "model": "catalogue.processinglevel", 
    "fields": {
      "abbreviation": "209", 
      "name": "Surface radiance -VNIR, SWIR"
    }
  }, 
  {
    "pk": 1161, 
    "model": "catalogue.processinglevel", 
    "fields": {
      "abbreviation": "209T", 
      "name": "Surface radiance -TIR"
    }
  }, 
  {
    "pk": 1162, 
    "model": "catalogue.processinglevel", 
    "fields": {
      "abbreviation": "205", 
      "name": "Surface emissivity"
    }
  }, 
  {
    "pk": 1163, 
    "model": "catalogue.processinglevel", 
    "fields": {
      "abbreviation": "208", 
      "name": "Surface kinetic temperature"
    }
  }, 
  {
    "pk": 1164, 
    "model": "catalogue.processinglevel", 
    "fields": {
      "abbreviation": "1CAL", 
      "name": "L1A Calibration Experiment Data"
    }
  }, 
  {
    "pk": 1165, 
    "model": "catalogue.processinglevel", 
    "fields": {
      "abbreviation": "1NAV", 
      "name": "L1A Raw Orbit Navigation Data"
    }
  }, 
  {
    "pk": 1166, 
    "model": "catalogue.processinglevel", 
    "fields": {
      "abbreviation": "1ENG", 
      "name": "L1A Engineering Data"
    }
  }, 
  {
    "pk": 1167, 
    "model": "catalogue.processinglevel", 
    "fields": {
      "abbreviation": "1OBC", 
      "name": "L1A On-Board Calibrator Data"
    }
  }, 
  {
    "pk": 1168, 
    "model": "catalogue.processinglevel", 
    "fields": {
      "abbreviation": "1MTR", 
      "name": "L1A Motor Currents"
    }
  }, 
  {
    "pk": 1169, 
    "model": "catalogue.processinglevel", 
    "fields": {
      "abbreviation": "1SCI", 
      "name": "L1A Instrument Data Numbers"
    }
  }, 
  {
    "pk": 1170, 
    "model": "catalogue.processinglevel", 
    "fields": {
      "abbreviation": "1RP", 
      "name": "L1B1 Radiances"
    }
  }, 
  {
    "pk": 1171, 
    "model": "catalogue.processinglevel", 
    "fields": {
      "abbreviation": "2ELL", 
      "name": "L1B2 Ellipsoid-Projected Radiances"
    }
  }, 
  {
    "pk": 1172, 
    "model": "catalogue.processinglevel", 
    "fields": {
      "abbreviation": "RCCM", 
      "name": "L2 Camera-by-Camera Cloud Mask"
    }
  }, 
  {
    "pk": 1173, 
    "model": "catalogue.processinglevel", 
    "fields": {
      "abbreviation": "ALBD", 
      "name": "L2 Cloud Albedos"
    }
  }, 
  {
    "pk": 1174, 
    "model": "catalogue.processinglevel", 
    "fields": {
      "abbreviation": "CCLS", 
      "name": "L2 Cloud Classifiers"
    }
  }, 
  {
    "pk": 1175, 
    "model": "catalogue.processinglevel", 
    "fields": {
      "abbreviation": "STER", 
      "name": "L2 Stereo Heights/Winds"
    }
  }, 
  {
    "pk": 1176, 
    "model": "catalogue.processinglevel", 
    "fields": {
      "abbreviation": "LAND", 
      "name": "L2 Land Surface Retrievals"
    }
  }, 
  {
    "pk": 1177, 
    "model": "catalogue.processinglevel", 
    "fields": {
      "abbreviation": "ARSL", 
      "name": "L2 Aerosol Retrievals"
    }
  }, 
  {
    "pk": 1178, 
    "model": "catalogue.processinglevel", 
    "fields": {
      "abbreviation": "4CMV", 
      "name": "L3 Cloud Motion Vector Product"
    }
  }, 
  {
    "pk": 1179, 
    "model": "catalogue.processinglevel", 
    "fields": {
      "abbreviation": "CfbA", 
      "name": "L3 Cloud Fraction by Altitude Product"
    }
  }, 
  {
    "pk": 1180, 
    "model": "catalogue.processinglevel", 
    "fields": {
      "abbreviation": "CGLS", 
      "name": "L3 Component Global Land/Surface Product"
    }
  }, 
  {
    "pk": 1181, 
    "model": "catalogue.processinglevel", 
    "fields": {
      "abbreviation": "CGAS", 
      "name": "L3 Component Global Aerosol Product"
    }
  }, 
  {
    "pk": 1182, 
    "model": "catalogue.processinglevel", 
    "fields": {
      "abbreviation": "CGCL", 
      "name": "L3 Component Gloabl Cloud Product"
    }
  }, 
  {
    "pk": 1183, 
    "model": "catalogue.processinglevel", 
    "fields": {
      "abbreviation": "CGAL", 
      "name": "L3 Component Global Albedo Product"
    }
  }, 
  {
    "pk": 1184, 
    "model": "catalogue.processinglevel", 
    "fields": {
      "abbreviation": "CGGR", 
      "name": "L3 Component Global Georectified Product"
    }
  }, 
  {
    "pk": 1185, 
    "model": "catalogue.processinglevel", 
    "fields": {
      "abbreviation": "12C1", 
      "name": "Land Cover Type CMG 5600m Yearly"
    }
  }, 
  {
    "pk": 1186, 
    "model": "catalogue.processinglevel", 
    "fields": {
      "abbreviation": "12Q1", 
      "name": "Land Cover Type Tile 1000m Yearly"
    }
  }, 
  {
    "pk": 1187, 
    "model": "catalogue.processinglevel", 
    "fields": {
      "abbreviation": "12Q2", 
      "name": "Land Cover Dynamics Tile 1000m Yearly"
    }
  }, 
  {
    "pk": 1188, 
    "model": "catalogue.processinglevel", 
    "fields": {
      "abbreviation": "44B", 
      "name": "Vegetation Continious Fields Tile 500m Yearly"
    }
  }, 
  {
    "pk": 1189, 
    "model": "catalogue.processinglevel", 
    "fields": {
      "abbreviation": "44W", 
      "name": "Land Water Mask Derived Tile 250m"
    }
  }, 
  {
    "pk": 1190, 
    "model": "catalogue.processinglevel", 
    "fields": {
      "abbreviation": "45A1", 
      "name": "Burned Area Tile 500m"
    }
  }, 
  {
    "pk": 1191, 
    "model": "catalogue.processinglevel", 
    "fields": {
      "abbreviation": "43A1", 
      "name": "BRDF-Albedo Model Parameters Tile 500m 16 Day"
    }
  }, 
  {
    "pk": 1192, 
    "model": "catalogue.processinglevel", 
    "fields": {
      "abbreviation": "43A2", 
      "name": "BRDF-Albedo Quality Tile 500m 16 Day"
    }
  }, 
  {
    "pk": 1193, 
    "model": "catalogue.processinglevel", 
    "fields": {
      "abbreviation": "43A3", 
      "name": "Albedo Tile 500m 16 Day"
    }
  }, 
  {
    "pk": 1194, 
    "model": "catalogue.processinglevel", 
    "fields": {
      "abbreviation": "43A4", 
      "name": "Nadir BRDF-Adjusted Reflectance Tile 500m 16 Day"
    }
  }, 
  {
    "pk": 1195, 
    "model": "catalogue.processinglevel", 
    "fields": {
      "abbreviation": "43B1", 
      "name": "BRDF-Albedo Model Parameters Tile 1000m 16 Day"
    }
  }, 
  {
    "pk": 1196, 
    "model": "catalogue.processinglevel", 
    "fields": {
      "abbreviation": "43B2", 
      "name": "BRDF-Albedo Quality Tile 1000m 16 Day"
    }
  }, 
  {
    "pk": 1197, 
    "model": "catalogue.processinglevel", 
    "fields": {
      "abbreviation": "43B3", 
      "name": "Albedo Tile 1000m 16 Day"
    }
  }, 
  {
    "pk": 1198, 
    "model": "catalogue.processinglevel", 
    "fields": {
      "abbreviation": "43B4", 
      "name": "Nadir BRDF-Adjusted Reflectance Tile 1000m 16 Day"
    }
  }, 
  {
    "pk": 1199, 
    "model": "catalogue.processinglevel", 
    "fields": {
      "abbreviation": "43C1", 
      "name": "BRDF-Albedo Model Parameters CMG 5600m 16 Day"
    }
  }, 
  {
    "pk": 1200, 
    "model": "catalogue.processinglevel", 
    "fields": {
      "abbreviation": "43C2", 
      "name": "BRDF-Albedo Snow-free Quality CMG 5600m 16 Day"
    }
  }, 
  {
    "pk": 1201, 
    "model": "catalogue.processinglevel", 
    "fields": {
      "abbreviation": "43C3", 
      "name": "Albedo CMG 5600m 16 Day"
    }
  }, 
  {
    "pk": 1202, 
    "model": "catalogue.processinglevel", 
    "fields": {
      "abbreviation": "43C4", 
      "name": "Nadir BRDF-Adjusted Reflectance CMG 5600m 16 Day"
    }
  }
]
